x_min,x_max,y_min,y_max,ID
100,120,336,356,1.3.6.1.4.1.14519.5.2.1.6279.6001.105756658031515062000744821260_2_23
400,452,259,311,1.3.6.1.4.1.14519.5.2.1.6279.6001.105756658031515062000744821260_4_25
399,417,328,346,1.3.6.1.4.1.14519.5.2.1.6279.6001.105756658031515062000744821260_4_26
419,435,343,359,1.3.6.1.4.1.14519.5.2.1.6279.6001.105756658031515062000744821260_6_28
447,467,218,238,1.3.6.1.4.1.14519.5.2.1.6279.6001.105756658031515062000744821260_10_86
352,378,251,277,1.3.6.1.4.1.14519.5.2.1.6279.6001.105756658031515062000744821260_14_98
307,339,365,397,1.3.6.1.4.1.14519.5.2.1.6279.6001.105756658031515062000744821260_16_103
104,130,341,367,1.3.6.1.4.1.14519.5.2.1.6279.6001.105756658031515062000744821260_18_110
379,399,260,280,1.3.6.1.4.1.14519.5.2.1.6279.6001.105756658031515062000744821260_20_117
169,189,197,217,1.3.6.1.4.1.14519.5.2.1.6279.6001.105756658031515062000744821260_22_129
184,206,310,332,1.3.6.1.4.1.14519.5.2.1.6279.6001.105756658031515062000744821260_22_130
163,187,261,285,1.3.6.1.4.1.14519.5.2.1.6279.6001.105756658031515062000744821260_22_131
384,402,217,235,1.3.6.1.4.1.14519.5.2.1.6279.6001.105756658031515062000744821260_22_132
64,98,290,324,1.3.6.1.4.1.14519.5.2.1.6279.6001.105756658031515062000744821260_24_135
88,138,324,374,1.3.6.1.4.1.14519.5.2.1.6279.6001.105756658031515062000744821260_24_136
47,71,305,329,1.3.6.1.4.1.14519.5.2.1.6279.6001.105756658031515062000744821260_26_139
77,113,185,221,1.3.6.1.4.1.14519.5.2.1.6279.6001.105756658031515062000744821260_28_144
99,123,350,374,1.3.6.1.4.1.14519.5.2.1.6279.6001.105756658031515062000744821260_32_149
162,204,222,264,1.3.6.1.4.1.14519.5.2.1.6279.6001.105756658031515062000744821260_38_199
327,367,311,351,1.3.6.1.4.1.14519.5.2.1.6279.6001.105756658031515062000744821260_40_335
359,413,188,242,1.3.6.1.4.1.14519.5.2.1.6279.6001.105756658031515062000744821260_40_336
154,172,349,367,1.3.6.1.4.1.14519.5.2.1.6279.6001.105756658031515062000744821260_42_344
302,320,327,345,1.3.6.1.4.1.14519.5.2.1.6279.6001.105756658031515062000744821260_42_345
170,202,313,345,1.3.6.1.4.1.14519.5.2.1.6279.6001.105756658031515062000744821260_44_347
120,136,328,344,1.3.6.1.4.1.14519.5.2.1.6279.6001.105756658031515062000744821260_44_348
137,153,306,322,1.3.6.1.4.1.14519.5.2.1.6279.6001.105756658031515062000744821260_44_349
348,368,364,384,1.3.6.1.4.1.14519.5.2.1.6279.6001.105756658031515062000744821260_44_350
342,370,308,336,1.3.6.1.4.1.14519.5.2.1.6279.6001.105756658031515062000744821260_46_367
136,178,212,254,1.3.6.1.4.1.14519.5.2.1.6279.6001.105756658031515062000744821260_50_420
294,342,160,208,1.3.6.1.4.1.14519.5.2.1.6279.6001.105756658031515062000744821260_54_454
395,419,322,346,1.3.6.1.4.1.14519.5.2.1.6279.6001.105756658031515062000744821260_54_455
376,394,298,316,1.3.6.1.4.1.14519.5.2.1.6279.6001.105756658031515062000744821260_54_456
101,115,214,228,1.3.6.1.4.1.14519.5.2.1.6279.6001.105756658031515062000744821260_56_477
96,112,231,247,1.3.6.1.4.1.14519.5.2.1.6279.6001.105756658031515062000744821260_56_478
121,161,316,356,1.3.6.1.4.1.14519.5.2.1.6279.6001.105756658031515062000744821260_58_490
138,156,370,388,1.3.6.1.4.1.14519.5.2.1.6279.6001.105756658031515062000744821260_58_491
383,431,264,312,1.3.6.1.4.1.14519.5.2.1.6279.6001.105756658031515062000744821260_60_506
364,388,350,374,1.3.6.1.4.1.14519.5.2.1.6279.6001.105756658031515062000744821260_60_507
287,341,227,281,1.3.6.1.4.1.14519.5.2.1.6279.6001.105756658031515062000744821260_62_536
49,69,284,304,1.3.6.1.4.1.14519.5.2.1.6279.6001.105756658031515062000744821260_68_580
63,81,255,273,1.3.6.1.4.1.14519.5.2.1.6279.6001.105756658031515062000744821260_70_620
464,488,245,269,1.3.6.1.4.1.14519.5.2.1.6279.6001.105756658031515062000744821260_70_621
422,460,291,329,1.3.6.1.4.1.14519.5.2.1.6279.6001.105756658031515062000744821260_70_622
157,181,203,227,1.3.6.1.4.1.14519.5.2.1.6279.6001.105756658031515062000744821260_74_630
276,294,293,311,1.3.6.1.4.1.14519.5.2.1.6279.6001.105756658031515062000744821260_78_705
150,166,322,338,1.3.6.1.4.1.14519.5.2.1.6279.6001.105756658031515062000744821260_80_732
162,178,348,364,1.3.6.1.4.1.14519.5.2.1.6279.6001.105756658031515062000744821260_80_733
439,463,186,210,1.3.6.1.4.1.14519.5.2.1.6279.6001.105756658031515062000744821260_86_748
154,170,195,211,1.3.6.1.4.1.14519.5.2.1.6279.6001.105756658031515062000744821260_88_783
126,150,301,325,1.3.6.1.4.1.14519.5.2.1.6279.6001.105756658031515062000744821260_88_784
92,114,377,399,1.3.6.1.4.1.14519.5.2.1.6279.6001.105756658031515062000744821260_90_789
439,469,328,358,1.3.6.1.4.1.14519.5.2.1.6279.6001.105756658031515062000744821260_90_790
408,430,379,401,1.3.6.1.4.1.14519.5.2.1.6279.6001.105756658031515062000744821260_90_791
108,128,219,239,1.3.6.1.4.1.14519.5.2.1.6279.6001.105756658031515062000744821260_92_792
381,401,232,252,1.3.6.1.4.1.14519.5.2.1.6279.6001.105756658031515062000744821260_92_793
122,152,333,363,1.3.6.1.4.1.14519.5.2.1.6279.6001.105756658031515062000744821260_94_794
80,102,275,297,1.3.6.1.4.1.14519.5.2.1.6279.6001.105756658031515062000744821260_94_795
91,109,350,368,1.3.6.1.4.1.14519.5.2.1.6279.6001.105756658031515062000744821260_94_796
68,84,355,371,1.3.6.1.4.1.14519.5.2.1.6279.6001.105756658031515062000744821260_94_797
85,105,363,383,1.3.6.1.4.1.14519.5.2.1.6279.6001.105756658031515062000744821260_94_798
396,412,312,328,1.3.6.1.4.1.14519.5.2.1.6279.6001.105756658031515062000744821260_98_836
172,196,361,385,1.3.6.1.4.1.14519.5.2.1.6279.6001.105756658031515062000744821260_100_838
292,322,313,343,1.3.6.1.4.1.14519.5.2.1.6279.6001.105756658031515062000744821260_100_839
205,231,325,351,1.3.6.1.4.1.14519.5.2.1.6279.6001.105756658031515062000744821260_102_858
332,372,266,306,1.3.6.1.4.1.14519.5.2.1.6279.6001.105756658031515062000744821260_108_871
123,141,217,235,1.3.6.1.4.1.14519.5.2.1.6279.6001.105756658031515062000744821260_110_872
100,140,267,307,1.3.6.1.4.1.14519.5.2.1.6279.6001.105756658031515062000744821260_112_873
110,144,159,193,1.3.6.1.4.1.14519.5.2.1.6279.6001.105756658031515062000744821260_114_882
124,148,279,303,1.3.6.1.4.1.14519.5.2.1.6279.6001.105756658031515062000744821260_116_889
125,151,343,369,1.3.6.1.4.1.14519.5.2.1.6279.6001.105756658031515062000744821260_118_897
88,108,146,166,1.3.6.1.4.1.14519.5.2.1.6279.6001.105756658031515062000744821260_118_898
174,198,349,373,1.3.6.1.4.1.14519.5.2.1.6279.6001.105756658031515062000744821260_122_935
109,149,336,376,1.3.6.1.4.1.14519.5.2.1.6279.6001.105756658031515062000744821260_124_937
96,120,242,266,1.3.6.1.4.1.14519.5.2.1.6279.6001.105756658031515062000744821260_124_938
82,110,223,251,1.3.6.1.4.1.14519.5.2.1.6279.6001.105756658031515062000744821260_124_939
200,216,241,257,1.3.6.1.4.1.14519.5.2.1.6279.6001.105756658031515062000744821260_126_966
426,446,336,356,1.3.6.1.4.1.14519.5.2.1.6279.6001.105756658031515062000744821260_130_970
106,122,323,339,1.3.6.1.4.1.14519.5.2.1.6279.6001.105756658031515062000744821260_132_976
174,214,335,375,1.3.6.1.4.1.14519.5.2.1.6279.6001.105756658031515062000744821260_134_978
405,431,356,382,1.3.6.1.4.1.14519.5.2.1.6279.6001.105756658031515062000744821260_134_979
308,326,322,340,1.3.6.1.4.1.14519.5.2.1.6279.6001.105756658031515062000744821260_134_980
319,357,270,308,1.3.6.1.4.1.14519.5.2.1.6279.6001.105756658031515062000744821260_136_987
397,415,194,212,1.3.6.1.4.1.14519.5.2.1.6279.6001.105756658031515062000744821260_136_988
308,382,346,420,1.3.6.1.4.1.14519.5.2.1.6279.6001.105756658031515062000744821260_138_1011
122,152,299,329,1.3.6.1.4.1.14519.5.2.1.6279.6001.105756658031515062000744821260_138_1012
87,121,205,239,1.3.6.1.4.1.14519.5.2.1.6279.6001.105756658031515062000744821260_138_1013
396,428,322,354,1.3.6.1.4.1.14519.5.2.1.6279.6001.105756658031515062000744821260_140_1016
133,171,343,381,1.3.6.1.4.1.14519.5.2.1.6279.6001.105756658031515062000744821260_142_1017
338,382,217,261,1.3.6.1.4.1.14519.5.2.1.6279.6001.105756658031515062000744821260_142_1018
442,466,251,275,1.3.6.1.4.1.14519.5.2.1.6279.6001.105756658031515062000744821260_142_1019
413,429,191,207,1.3.6.1.4.1.14519.5.2.1.6279.6001.105756658031515062000744821260_144_1020
102,124,331,353,1.3.6.1.4.1.14519.5.2.1.6279.6001.105756658031515062000744821260_144_1021
172,190,241,259,1.3.6.1.4.1.14519.5.2.1.6279.6001.105756658031515062000744821260_144_1022
100,122,273,295,1.3.6.1.4.1.14519.5.2.1.6279.6001.105756658031515062000744821260_148_1030
132,162,292,322,1.3.6.1.4.1.14519.5.2.1.6279.6001.105756658031515062000744821260_150_1049
71,93,162,184,1.3.6.1.4.1.14519.5.2.1.6279.6001.105756658031515062000744821260_152_1054
114,148,270,304,1.3.6.1.4.1.14519.5.2.1.6279.6001.105756658031515062000744821260_156_1072
390,410,327,347,1.3.6.1.4.1.14519.5.2.1.6279.6001.105756658031515062000744821260_158_1073
145,171,270,296,1.3.6.1.4.1.14519.5.2.1.6279.6001.105756658031515062000744821260_158_1074
312,370,298,356,1.3.6.1.4.1.14519.5.2.1.6279.6001.105756658031515062000744821260_160_1084
155,201,351,397,1.3.6.1.4.1.14519.5.2.1.6279.6001.105756658031515062000744821260_162_1106
160,186,167,193,1.3.6.1.4.1.14519.5.2.1.6279.6001.105756658031515062000744821260_164_1108
147,165,174,192,1.3.6.1.4.1.14519.5.2.1.6279.6001.105756658031515062000744821260_164_1109
97,115,328,346,1.3.6.1.4.1.14519.5.2.1.6279.6001.105756658031515062000744821260_166_1116
280,298,274,292,1.3.6.1.4.1.14519.5.2.1.6279.6001.105756658031515062000744821260_166_1117
136,158,340,362,1.3.6.1.4.1.14519.5.2.1.6279.6001.105756658031515062000744821260_168_1123
224,238,317,331,1.3.6.1.4.1.14519.5.2.1.6279.6001.105756658031515062000744821260_168_1124
205,223,338,356,1.3.6.1.4.1.14519.5.2.1.6279.6001.105756658031515062000744821260_168_1125
167,187,119,139,1.3.6.1.4.1.14519.5.2.1.6279.6001.105756658031515062000744821260_170_1137
390,410,158,178,1.3.6.1.4.1.14519.5.2.1.6279.6001.105756658031515062000744821260_170_1138
360,418,291,349,1.3.6.1.4.1.14519.5.2.1.6279.6001.105756658031515062000744821260_172_1141
87,113,290,316,1.3.6.1.4.1.14519.5.2.1.6279.6001.105756658031515062000744821260_176_1180
103,131,244,272,1.3.6.1.4.1.14519.5.2.1.6279.6001.100684836163890911914061745866_2_9
122,162,271,311,1.3.6.1.4.1.14519.5.2.1.6279.6001.100684836163890911914061745866_4_15
303,323,327,347,1.3.6.1.4.1.14519.5.2.1.6279.6001.100684836163890911914061745866_6_24
98,124,200,226,1.3.6.1.4.1.14519.5.2.1.6279.6001.100684836163890911914061745866_12_48
415,435,237,257,1.3.6.1.4.1.14519.5.2.1.6279.6001.100684836163890911914061745866_12_49
388,412,255,279,1.3.6.1.4.1.14519.5.2.1.6279.6001.100684836163890911914061745866_12_50
79,99,302,322,1.3.6.1.4.1.14519.5.2.1.6279.6001.100684836163890911914061745866_14_72
348,366,345,363,1.3.6.1.4.1.14519.5.2.1.6279.6001.100684836163890911914061745866_14_73
339,363,209,233,1.3.6.1.4.1.14519.5.2.1.6279.6001.100684836163890911914061745866_16_104
366,386,269,289,1.3.6.1.4.1.14519.5.2.1.6279.6001.100684836163890911914061745866_16_105
122,156,286,320,1.3.6.1.4.1.14519.5.2.1.6279.6001.100684836163890911914061745866_18_106
148,184,323,359,1.3.6.1.4.1.14519.5.2.1.6279.6001.100684836163890911914061745866_18_107
163,181,373,391,1.3.6.1.4.1.14519.5.2.1.6279.6001.100684836163890911914061745866_20_125
148,184,289,325,1.3.6.1.4.1.14519.5.2.1.6279.6001.100684836163890911914061745866_20_126
137,163,246,272,1.3.6.1.4.1.14519.5.2.1.6279.6001.100684836163890911914061745866_28_166
211,241,140,170,1.3.6.1.4.1.14519.5.2.1.6279.6001.100684836163890911914061745866_40_225
370,396,365,391,1.3.6.1.4.1.14519.5.2.1.6279.6001.100684836163890911914061745866_42_227
46,66,206,226,1.3.6.1.4.1.14519.5.2.1.6279.6001.100684836163890911914061745866_44_229
94,116,340,362,1.3.6.1.4.1.14519.5.2.1.6279.6001.100684836163890911914061745866_46_236
401,417,149,165,1.3.6.1.4.1.14519.5.2.1.6279.6001.100684836163890911914061745866_48_237
268,328,261,321,1.3.6.1.4.1.14519.5.2.1.6279.6001.100684836163890911914061745866_50_248
388,408,292,312,1.3.6.1.4.1.14519.5.2.1.6279.6001.100684836163890911914061745866_50_249
115,135,315,335,1.3.6.1.4.1.14519.5.2.1.6279.6001.100684836163890911914061745866_50_250
322,340,221,239,1.3.6.1.4.1.14519.5.2.1.6279.6001.100684836163890911914061745866_50_251
150,166,338,354,1.3.6.1.4.1.14519.5.2.1.6279.6001.100684836163890911914061745866_50_252
184,198,308,322,1.3.6.1.4.1.14519.5.2.1.6279.6001.100684836163890911914061745866_50_253
438,454,255,271,1.3.6.1.4.1.14519.5.2.1.6279.6001.100684836163890911914061745866_50_254
167,209,333,375,1.3.6.1.4.1.14519.5.2.1.6279.6001.100684836163890911914061745866_54_271
142,158,348,364,1.3.6.1.4.1.14519.5.2.1.6279.6001.100684836163890911914061745866_54_272
87,119,267,299,1.3.6.1.4.1.14519.5.2.1.6279.6001.100684836163890911914061745866_54_273
86,134,230,278,1.3.6.1.4.1.14519.5.2.1.6279.6001.100684836163890911914061745866_54_274
126,142,192,208,1.3.6.1.4.1.14519.5.2.1.6279.6001.100684836163890911914061745866_54_275
339,365,291,317,1.3.6.1.4.1.14519.5.2.1.6279.6001.100684836163890911914061745866_54_276
281,351,331,401,1.3.6.1.4.1.14519.5.2.1.6279.6001.100684836163890911914061745866_56_306
444,468,170,194,1.3.6.1.4.1.14519.5.2.1.6279.6001.100684836163890911914061745866_58_307
58,78,208,228,1.3.6.1.4.1.14519.5.2.1.6279.6001.100684836163890911914061745866_58_308
176,190,178,192,1.3.6.1.4.1.14519.5.2.1.6279.6001.100684836163890911914061745866_58_309
154,172,109,127,1.3.6.1.4.1.14519.5.2.1.6279.6001.100684836163890911914061745866_60_316
341,361,224,244,1.3.6.1.4.1.14519.5.2.1.6279.6001.100684836163890911914061745866_60_317
345,369,269,293,1.3.6.1.4.1.14519.5.2.1.6279.6001.100684836163890911914061745866_62_318
281,301,355,375,1.3.6.1.4.1.14519.5.2.1.6279.6001.100684836163890911914061745866_62_319
320,338,253,271,1.3.6.1.4.1.14519.5.2.1.6279.6001.100684836163890911914061745866_62_320
286,306,227,247,1.3.6.1.4.1.14519.5.2.1.6279.6001.100684836163890911914061745866_62_321
177,199,197,219,1.3.6.1.4.1.14519.5.2.1.6279.6001.100684836163890911914061745866_70_364
439,465,259,285,1.3.6.1.4.1.14519.5.2.1.6279.6001.100684836163890911914061745866_76_439
453,471,236,254,1.3.6.1.4.1.14519.5.2.1.6279.6001.100684836163890911914061745866_76_440
206,244,288,326,1.3.6.1.4.1.14519.5.2.1.6279.6001.100684836163890911914061745866_78_444
341,383,283,325,1.3.6.1.4.1.14519.5.2.1.6279.6001.100684836163890911914061745866_78_445
124,154,175,205,1.3.6.1.4.1.14519.5.2.1.6279.6001.100684836163890911914061745866_78_446
407,445,293,331,1.3.6.1.4.1.14519.5.2.1.6279.6001.100684836163890911914061745866_84_528
390,418,346,374,1.3.6.1.4.1.14519.5.2.1.6279.6001.100684836163890911914061745866_84_529
391,417,278,304,1.3.6.1.4.1.14519.5.2.1.6279.6001.100684836163890911914061745866_86_555
374,390,289,305,1.3.6.1.4.1.14519.5.2.1.6279.6001.100684836163890911914061745866_86_556
150,170,384,404,1.3.6.1.4.1.14519.5.2.1.6279.6001.100684836163890911914061745866_86_557
291,333,307,349,1.3.6.1.4.1.14519.5.2.1.6279.6001.100684836163890911914061745866_90_586
365,393,347,375,1.3.6.1.4.1.14519.5.2.1.6279.6001.100684836163890911914061745866_90_587
352,376,347,371,1.3.6.1.4.1.14519.5.2.1.6279.6001.100684836163890911914061745866_90_588
306,342,281,317,1.3.6.1.4.1.14519.5.2.1.6279.6001.100684836163890911914061745866_90_589
329,363,332,366,1.3.6.1.4.1.14519.5.2.1.6279.6001.100684836163890911914061745866_90_590
442,462,247,267,1.3.6.1.4.1.14519.5.2.1.6279.6001.100684836163890911914061745866_92_603
88,110,165,187,1.3.6.1.4.1.14519.5.2.1.6279.6001.100684836163890911914061745866_92_604
75,89,170,184,1.3.6.1.4.1.14519.5.2.1.6279.6001.100684836163890911914061745866_92_605
350,376,197,223,1.3.6.1.4.1.14519.5.2.1.6279.6001.100684836163890911914061745866_94_623
150,168,178,196,1.3.6.1.4.1.14519.5.2.1.6279.6001.100684836163890911914061745866_94_624
182,214,345,377,1.3.6.1.4.1.14519.5.2.1.6279.6001.100684836163890911914061745866_94_625
387,411,228,252,1.3.6.1.4.1.14519.5.2.1.6279.6001.100684836163890911914061745866_94_626
381,397,239,255,1.3.6.1.4.1.14519.5.2.1.6279.6001.100684836163890911914061745866_94_627
350,378,162,190,1.3.6.1.4.1.14519.5.2.1.6279.6001.100684836163890911914061745866_94_628
148,166,187,205,1.3.6.1.4.1.14519.5.2.1.6279.6001.100684836163890911914061745866_98_664
138,158,158,178,1.3.6.1.4.1.14519.5.2.1.6279.6001.100684836163890911914061745866_98_665
146,166,134,154,1.3.6.1.4.1.14519.5.2.1.6279.6001.100684836163890911914061745866_98_666
161,201,210,250,1.3.6.1.4.1.14519.5.2.1.6279.6001.100684836163890911914061745866_100_699
140,164,161,185,1.3.6.1.4.1.14519.5.2.1.6279.6001.100684836163890911914061745866_100_700
382,398,197,213,1.3.6.1.4.1.14519.5.2.1.6279.6001.100684836163890911914061745866_100_701
89,111,376,398,1.3.6.1.4.1.14519.5.2.1.6279.6001.100684836163890911914061745866_102_713
136,160,138,162,1.3.6.1.4.1.14519.5.2.1.6279.6001.100684836163890911914061745866_104_725
289,315,336,362,1.3.6.1.4.1.14519.5.2.1.6279.6001.100684836163890911914061745866_104_726
0,-334,0,-138,1.3.6.1.4.1.14519.5.2.1.6279.6001.100684836163890911914061745866_106_749
359,407,311,359,1.3.6.1.4.1.14519.5.2.1.6279.6001.100684836163890911914061745866_110_762
272,300,284,312,1.3.6.1.4.1.14519.5.2.1.6279.6001.100684836163890911914061745866_110_763
320,344,189,213,1.3.6.1.4.1.14519.5.2.1.6279.6001.100684836163890911914061745866_110_764
300,382,319,401,1.3.6.1.4.1.14519.5.2.1.6279.6001.100684836163890911914061745866_110_765
390,404,234,248,1.3.6.1.4.1.14519.5.2.1.6279.6001.100684836163890911914061745866_110_766
375,423,239,287,1.3.6.1.4.1.14519.5.2.1.6279.6001.100684836163890911914061745866_114_841
390,454,207,271,1.3.6.1.4.1.14519.5.2.1.6279.6001.100684836163890911914061745866_114_842
337,369,394,426,1.3.6.1.4.1.14519.5.2.1.6279.6001.100684836163890911914061745866_118_846
191,219,135,163,1.3.6.1.4.1.14519.5.2.1.6279.6001.100684836163890911914061745866_120_855
92,112,213,233,1.3.6.1.4.1.14519.5.2.1.6279.6001.100684836163890911914061745866_120_856
121,139,263,281,1.3.6.1.4.1.14519.5.2.1.6279.6001.100684836163890911914061745866_120_857
169,191,308,330,1.3.6.1.4.1.14519.5.2.1.6279.6001.100684836163890911914061745866_122_874
300,318,209,227,1.3.6.1.4.1.14519.5.2.1.6279.6001.100684836163890911914061745866_124_877
70,120,333,383,1.3.6.1.4.1.14519.5.2.1.6279.6001.100684836163890911914061745866_126_908
135,155,390,410,1.3.6.1.4.1.14519.5.2.1.6279.6001.100684836163890911914061745866_126_909
154,186,338,370,1.3.6.1.4.1.14519.5.2.1.6279.6001.100684836163890911914061745866_128_910
217,239,276,298,1.3.6.1.4.1.14519.5.2.1.6279.6001.100684836163890911914061745866_128_911
168,188,329,349,1.3.6.1.4.1.14519.5.2.1.6279.6001.100684836163890911914061745866_128_912
362,388,275,301,1.3.6.1.4.1.14519.5.2.1.6279.6001.100684836163890911914061745866_128_913
190,206,233,249,1.3.6.1.4.1.14519.5.2.1.6279.6001.100684836163890911914061745866_128_914
279,303,309,333,1.3.6.1.4.1.14519.5.2.1.6279.6001.100684836163890911914061745866_128_915
72,88,287,303,1.3.6.1.4.1.14519.5.2.1.6279.6001.100684836163890911914061745866_132_936
390,404,139,153,1.3.6.1.4.1.14519.5.2.1.6279.6001.100684836163890911914061745866_136_941
188,208,273,293,1.3.6.1.4.1.14519.5.2.1.6279.6001.100684836163890911914061745866_138_991
61,85,273,297,1.3.6.1.4.1.14519.5.2.1.6279.6001.100684836163890911914061745866_140_996
79,97,279,297,1.3.6.1.4.1.14519.5.2.1.6279.6001.100684836163890911914061745866_140_997
389,413,312,336,1.3.6.1.4.1.14519.5.2.1.6279.6001.100684836163890911914061745866_142_1005
118,154,200,236,1.3.6.1.4.1.14519.5.2.1.6279.6001.100684836163890911914061745866_142_1006
117,161,284,328,1.3.6.1.4.1.14519.5.2.1.6279.6001.100684836163890911914061745866_142_1007
77,103,181,207,1.3.6.1.4.1.14519.5.2.1.6279.6001.100684836163890911914061745866_144_1028
369,401,197,229,1.3.6.1.4.1.14519.5.2.1.6279.6001.100684836163890911914061745866_144_1029
158,220,403,465,1.3.6.1.4.1.14519.5.2.1.6279.6001.100684836163890911914061745866_146_1044
150,170,192,212,1.3.6.1.4.1.14519.5.2.1.6279.6001.100684836163890911914061745866_146_1045
217,239,378,400,1.3.6.1.4.1.14519.5.2.1.6279.6001.100684836163890911914061745866_146_1046
344,370,341,367,1.3.6.1.4.1.14519.5.2.1.6279.6001.100684836163890911914061745866_146_1047
160,220,236,296,1.3.6.1.4.1.14519.5.2.1.6279.6001.100684836163890911914061745866_148_1056
177,195,206,224,1.3.6.1.4.1.14519.5.2.1.6279.6001.100684836163890911914061745866_150_1059
395,409,285,299,1.3.6.1.4.1.14519.5.2.1.6279.6001.100684836163890911914061745866_152_1062
353,369,201,217,1.3.6.1.4.1.14519.5.2.1.6279.6001.100684836163890911914061745866_152_1063
328,372,215,259,1.3.6.1.4.1.14519.5.2.1.6279.6001.100684836163890911914061745866_154_1066
59,77,303,321,1.3.6.1.4.1.14519.5.2.1.6279.6001.100684836163890911914061745866_156_1085
387,415,348,376,1.3.6.1.4.1.14519.5.2.1.6279.6001.100684836163890911914061745866_158_1090
0,-327,0,-176,1.3.6.1.4.1.14519.5.2.1.6279.6001.100684836163890911914061745866_160_1103
311,333,406,428,1.3.6.1.4.1.14519.5.2.1.6279.6001.100684836163890911914061745866_164_1121
346,402,220,276,1.3.6.1.4.1.14519.5.2.1.6279.6001.100684836163890911914061745866_168_1131
315,331,275,291,1.3.6.1.4.1.14519.5.2.1.6279.6001.100684836163890911914061745866_170_1152
355,385,356,386,1.3.6.1.4.1.14519.5.2.1.6279.6001.100684836163890911914061745866_172_1157
135,159,346,370,1.3.6.1.4.1.14519.5.2.1.6279.6001.100684836163890911914061745866_172_1158
135,165,413,443,1.3.6.1.4.1.14519.5.2.1.6279.6001.100684836163890911914061745866_174_1165
97,115,334,352,1.3.6.1.4.1.14519.5.2.1.6279.6001.100684836163890911914061745866_176_1176
156,188,312,344,1.3.6.1.4.1.14519.5.2.1.6279.6001.100621383016233746780170740405_0_3
185,255,257,327,1.3.6.1.4.1.14519.5.2.1.6279.6001.100621383016233746780170740405_0_4
345,413,216,284,1.3.6.1.4.1.14519.5.2.1.6279.6001.100621383016233746780170740405_0_5
345,407,304,366,1.3.6.1.4.1.14519.5.2.1.6279.6001.100621383016233746780170740405_0_6
102,148,294,340,1.3.6.1.4.1.14519.5.2.1.6279.6001.100621383016233746780170740405_10_74
163,207,294,338,1.3.6.1.4.1.14519.5.2.1.6279.6001.100621383016233746780170740405_10_75
143,167,343,367,1.3.6.1.4.1.14519.5.2.1.6279.6001.100621383016233746780170740405_12_87
328,366,296,334,1.3.6.1.4.1.14519.5.2.1.6279.6001.100621383016233746780170740405_12_88
176,194,346,364,1.3.6.1.4.1.14519.5.2.1.6279.6001.100621383016233746780170740405_12_89
424,444,243,263,1.3.6.1.4.1.14519.5.2.1.6279.6001.100621383016233746780170740405_14_101
194,228,306,340,1.3.6.1.4.1.14519.5.2.1.6279.6001.100621383016233746780170740405_16_123
158,198,342,382,1.3.6.1.4.1.14519.5.2.1.6279.6001.100621383016233746780170740405_16_124
175,195,398,418,1.3.6.1.4.1.14519.5.2.1.6279.6001.100621383016233746780170740405_18_134
316,334,330,348,1.3.6.1.4.1.14519.5.2.1.6279.6001.100621383016233746780170740405_22_159
102,122,109,129,1.3.6.1.4.1.14519.5.2.1.6279.6001.100621383016233746780170740405_22_160
78,92,184,198,1.3.6.1.4.1.14519.5.2.1.6279.6001.100621383016233746780170740405_22_161
416,438,306,328,1.3.6.1.4.1.14519.5.2.1.6279.6001.100621383016233746780170740405_24_162
0,-64,0,-149,1.3.6.1.4.1.14519.5.2.1.6279.6001.100621383016233746780170740405_26_164
0,-117,0,-278,1.3.6.1.4.1.14519.5.2.1.6279.6001.100621383016233746780170740405_26_165
204,224,342,362,1.3.6.1.4.1.14519.5.2.1.6279.6001.100621383016233746780170740405_28_168
349,373,257,281,1.3.6.1.4.1.14519.5.2.1.6279.6001.100621383016233746780170740405_28_169
415,461,158,204,1.3.6.1.4.1.14519.5.2.1.6279.6001.100621383016233746780170740405_30_190
406,442,220,256,1.3.6.1.4.1.14519.5.2.1.6279.6001.100621383016233746780170740405_30_191
365,391,180,206,1.3.6.1.4.1.14519.5.2.1.6279.6001.100621383016233746780170740405_30_192
129,151,271,293,1.3.6.1.4.1.14519.5.2.1.6279.6001.100621383016233746780170740405_30_193
315,365,251,301,1.3.6.1.4.1.14519.5.2.1.6279.6001.100621383016233746780170740405_30_194
99,137,207,245,1.3.6.1.4.1.14519.5.2.1.6279.6001.100621383016233746780170740405_38_212
132,198,179,245,1.3.6.1.4.1.14519.5.2.1.6279.6001.100621383016233746780170740405_40_228
147,181,273,307,1.3.6.1.4.1.14519.5.2.1.6279.6001.100621383016233746780170740405_46_322
194,236,188,230,1.3.6.1.4.1.14519.5.2.1.6279.6001.100621383016233746780170740405_46_323
96,120,181,205,1.3.6.1.4.1.14519.5.2.1.6279.6001.100621383016233746780170740405_48_325
139,175,185,221,1.3.6.1.4.1.14519.5.2.1.6279.6001.100621383016233746780170740405_50_330
395,425,207,237,1.3.6.1.4.1.14519.5.2.1.6279.6001.100621383016233746780170740405_50_331
164,190,332,358,1.3.6.1.4.1.14519.5.2.1.6279.6001.100621383016233746780170740405_50_332
400,422,205,227,1.3.6.1.4.1.14519.5.2.1.6279.6001.100621383016233746780170740405_50_333
315,333,332,350,1.3.6.1.4.1.14519.5.2.1.6279.6001.100621383016233746780170740405_50_334
367,383,223,239,1.3.6.1.4.1.14519.5.2.1.6279.6001.100621383016233746780170740405_52_338
149,165,350,366,1.3.6.1.4.1.14519.5.2.1.6279.6001.100621383016233746780170740405_52_339
426,444,192,210,1.3.6.1.4.1.14519.5.2.1.6279.6001.100621383016233746780170740405_52_340
177,209,402,434,1.3.6.1.4.1.14519.5.2.1.6279.6001.100621383016233746780170740405_52_341
166,188,293,315,1.3.6.1.4.1.14519.5.2.1.6279.6001.100621383016233746780170740405_54_356
427,445,286,304,1.3.6.1.4.1.14519.5.2.1.6279.6001.100621383016233746780170740405_58_358
158,176,192,210,1.3.6.1.4.1.14519.5.2.1.6279.6001.100621383016233746780170740405_58_359
396,416,176,196,1.3.6.1.4.1.14519.5.2.1.6279.6001.100621383016233746780170740405_58_360
203,223,272,292,1.3.6.1.4.1.14519.5.2.1.6279.6001.100621383016233746780170740405_58_361
286,302,286,302,1.3.6.1.4.1.14519.5.2.1.6279.6001.100621383016233746780170740405_58_362
131,147,323,339,1.3.6.1.4.1.14519.5.2.1.6279.6001.100621383016233746780170740405_60_392
344,360,293,309,1.3.6.1.4.1.14519.5.2.1.6279.6001.100621383016233746780170740405_60_393
104,120,328,344,1.3.6.1.4.1.14519.5.2.1.6279.6001.100621383016233746780170740405_62_394
127,153,187,213,1.3.6.1.4.1.14519.5.2.1.6279.6001.100621383016233746780170740405_64_399
309,329,226,246,1.3.6.1.4.1.14519.5.2.1.6279.6001.100621383016233746780170740405_64_400
337,365,343,371,1.3.6.1.4.1.14519.5.2.1.6279.6001.100621383016233746780170740405_66_451
445,467,257,279,1.3.6.1.4.1.14519.5.2.1.6279.6001.100621383016233746780170740405_72_479
452,470,315,333,1.3.6.1.4.1.14519.5.2.1.6279.6001.100621383016233746780170740405_72_480
368,388,387,407,1.3.6.1.4.1.14519.5.2.1.6279.6001.100621383016233746780170740405_72_481
182,202,255,275,1.3.6.1.4.1.14519.5.2.1.6279.6001.100621383016233746780170740405_72_482
90,108,270,288,1.3.6.1.4.1.14519.5.2.1.6279.6001.100621383016233746780170740405_74_483
421,437,221,237,1.3.6.1.4.1.14519.5.2.1.6279.6001.100621383016233746780170740405_74_484
360,376,218,234,1.3.6.1.4.1.14519.5.2.1.6279.6001.100621383016233746780170740405_74_485
185,239,293,347,1.3.6.1.4.1.14519.5.2.1.6279.6001.100621383016233746780170740405_76_487
388,406,171,189,1.3.6.1.4.1.14519.5.2.1.6279.6001.100621383016233746780170740405_84_517
318,338,397,417,1.3.6.1.4.1.14519.5.2.1.6279.6001.100621383016233746780170740405_84_518
353,373,388,408,1.3.6.1.4.1.14519.5.2.1.6279.6001.100621383016233746780170740405_84_519
68,120,227,279,1.3.6.1.4.1.14519.5.2.1.6279.6001.100621383016233746780170740405_86_527
118,134,154,170,1.3.6.1.4.1.14519.5.2.1.6279.6001.100621383016233746780170740405_88_532
31,53,253,275,1.3.6.1.4.1.14519.5.2.1.6279.6001.100621383016233746780170740405_88_533
451,471,283,303,1.3.6.1.4.1.14519.5.2.1.6279.6001.100621383016233746780170740405_88_534
139,159,375,395,1.3.6.1.4.1.14519.5.2.1.6279.6001.100621383016233746780170740405_90_535
119,153,322,356,1.3.6.1.4.1.14519.5.2.1.6279.6001.100621383016233746780170740405_94_558
347,391,290,334,1.3.6.1.4.1.14519.5.2.1.6279.6001.100621383016233746780170740405_96_564
175,195,340,360,1.3.6.1.4.1.14519.5.2.1.6279.6001.100621383016233746780170740405_98_577
383,403,199,219,1.3.6.1.4.1.14519.5.2.1.6279.6001.100621383016233746780170740405_98_578
315,371,319,375,1.3.6.1.4.1.14519.5.2.1.6279.6001.100621383016233746780170740405_100_633
392,414,288,310,1.3.6.1.4.1.14519.5.2.1.6279.6001.100621383016233746780170740405_104_637
99,115,356,372,1.3.6.1.4.1.14519.5.2.1.6279.6001.100621383016233746780170740405_104_638
145,163,158,176,1.3.6.1.4.1.14519.5.2.1.6279.6001.100621383016233746780170740405_104_639
209,251,301,343,1.3.6.1.4.1.14519.5.2.1.6279.6001.100621383016233746780170740405_106_663
375,393,438,456,1.3.6.1.4.1.14519.5.2.1.6279.6001.100621383016233746780170740405_110_675
102,124,410,432,1.3.6.1.4.1.14519.5.2.1.6279.6001.100621383016233746780170740405_110_676
320,348,420,448,1.3.6.1.4.1.14519.5.2.1.6279.6001.100621383016233746780170740405_110_677
365,389,422,446,1.3.6.1.4.1.14519.5.2.1.6279.6001.100621383016233746780170740405_110_678
361,379,363,381,1.3.6.1.4.1.14519.5.2.1.6279.6001.100621383016233746780170740405_110_679
127,149,147,169,1.3.6.1.4.1.14519.5.2.1.6279.6001.100621383016233746780170740405_112_685
124,140,94,110,1.3.6.1.4.1.14519.5.2.1.6279.6001.100621383016233746780170740405_112_686
278,294,168,184,1.3.6.1.4.1.14519.5.2.1.6279.6001.100621383016233746780170740405_112_687
155,173,344,362,1.3.6.1.4.1.14519.5.2.1.6279.6001.100621383016233746780170740405_114_688
141,169,180,208,1.3.6.1.4.1.14519.5.2.1.6279.6001.100621383016233746780170740405_114_689
104,120,174,190,1.3.6.1.4.1.14519.5.2.1.6279.6001.100621383016233746780170740405_114_690
79,159,154,234,1.3.6.1.4.1.14519.5.2.1.6279.6001.100621383016233746780170740405_114_691
68,98,349,379,1.3.6.1.4.1.14519.5.2.1.6279.6001.100621383016233746780170740405_116_697
103,121,411,429,1.3.6.1.4.1.14519.5.2.1.6279.6001.100621383016233746780170740405_120_738
98,126,334,362,1.3.6.1.4.1.14519.5.2.1.6279.6001.100621383016233746780170740405_120_739
132,164,157,189,1.3.6.1.4.1.14519.5.2.1.6279.6001.100621383016233746780170740405_120_740
77,105,203,231,1.3.6.1.4.1.14519.5.2.1.6279.6001.100621383016233746780170740405_120_741
283,305,320,342,1.3.6.1.4.1.14519.5.2.1.6279.6001.100621383016233746780170740405_120_742
101,125,318,342,1.3.6.1.4.1.14519.5.2.1.6279.6001.100621383016233746780170740405_120_743
380,460,250,330,1.3.6.1.4.1.14519.5.2.1.6279.6001.100621383016233746780170740405_120_744
364,382,224,242,1.3.6.1.4.1.14519.5.2.1.6279.6001.100621383016233746780170740405_124_752
361,379,274,292,1.3.6.1.4.1.14519.5.2.1.6279.6001.100621383016233746780170740405_124_753
376,396,266,286,1.3.6.1.4.1.14519.5.2.1.6279.6001.100621383016233746780170740405_124_754
299,339,313,353,1.3.6.1.4.1.14519.5.2.1.6279.6001.100621383016233746780170740405_124_755
343,365,385,407,1.3.6.1.4.1.14519.5.2.1.6279.6001.100621383016233746780170740405_126_756
407,429,173,195,1.3.6.1.4.1.14519.5.2.1.6279.6001.100621383016233746780170740405_130_811
77,93,189,205,1.3.6.1.4.1.14519.5.2.1.6279.6001.100621383016233746780170740405_130_812
148,164,127,143,1.3.6.1.4.1.14519.5.2.1.6279.6001.100621383016233746780170740405_130_813
159,199,350,390,1.3.6.1.4.1.14519.5.2.1.6279.6001.100621383016233746780170740405_130_814
142,170,246,274,1.3.6.1.4.1.14519.5.2.1.6279.6001.100621383016233746780170740405_130_815
179,217,312,350,1.3.6.1.4.1.14519.5.2.1.6279.6001.100621383016233746780170740405_132_835
369,431,314,376,1.3.6.1.4.1.14519.5.2.1.6279.6001.100621383016233746780170740405_138_895
373,401,294,322,1.3.6.1.4.1.14519.5.2.1.6279.6001.100621383016233746780170740405_138_896
131,149,236,254,1.3.6.1.4.1.14519.5.2.1.6279.6001.100621383016233746780170740405_142_985
342,358,391,407,1.3.6.1.4.1.14519.5.2.1.6279.6001.100621383016233746780170740405_142_986
137,159,267,289,1.3.6.1.4.1.14519.5.2.1.6279.6001.100621383016233746780170740405_144_992
428,444,230,246,1.3.6.1.4.1.14519.5.2.1.6279.6001.100621383016233746780170740405_146_994
193,217,340,364,1.3.6.1.4.1.14519.5.2.1.6279.6001.100621383016233746780170740405_152_1024
174,194,329,349,1.3.6.1.4.1.14519.5.2.1.6279.6001.100621383016233746780170740405_152_1025
385,405,314,334,1.3.6.1.4.1.14519.5.2.1.6279.6001.100621383016233746780170740405_152_1026
110,178,128,196,1.3.6.1.4.1.14519.5.2.1.6279.6001.100621383016233746780170740405_154_1050
190,212,236,258,1.3.6.1.4.1.14519.5.2.1.6279.6001.100621383016233746780170740405_158_1067
426,454,192,220,1.3.6.1.4.1.14519.5.2.1.6279.6001.100621383016233746780170740405_158_1068
94,130,289,325,1.3.6.1.4.1.14519.5.2.1.6279.6001.100621383016233746780170740405_170_1153
185,215,176,206,1.3.6.1.4.1.14519.5.2.1.6279.6001.100621383016233746780170740405_170_1154
412,432,353,373,1.3.6.1.4.1.14519.5.2.1.6279.6001.100621383016233746780170740405_172_1159
0,-298,0,-159,1.3.6.1.4.1.14519.5.2.1.6279.6001.100621383016233746780170740405_174_1160
0,-206,0,-293,1.3.6.1.4.1.14519.5.2.1.6279.6001.100621383016233746780170740405_176_1172
0,-166,0,-170,1.3.6.1.4.1.14519.5.2.1.6279.6001.100621383016233746780170740405_176_1173
0,-365,0,-193,1.3.6.1.4.1.14519.5.2.1.6279.6001.100621383016233746780170740405_176_1174
0,-374,0,-239,1.3.6.1.4.1.14519.5.2.1.6279.6001.100621383016233746780170740405_176_1175
338,370,272,304,1.3.6.1.4.1.14519.5.2.1.6279.6001.100620385482151095585000946543_2_7
237,263,296,322,1.3.6.1.4.1.14519.5.2.1.6279.6001.100620385482151095585000946543_4_11
280,344,137,201,1.3.6.1.4.1.14519.5.2.1.6279.6001.100620385482151095585000946543_6_71
0,-345,0,-190,1.3.6.1.4.1.14519.5.2.1.6279.6001.100620385482151095585000946543_8_85
336,360,220,244,1.3.6.1.4.1.14519.5.2.1.6279.6001.100620385482151095585000946543_12_99
134,182,284,332,1.3.6.1.4.1.14519.5.2.1.6279.6001.100620385482151095585000946543_12_100
0,-89,0,-243,1.3.6.1.4.1.14519.5.2.1.6279.6001.100620385482151095585000946543_14_102
77,129,243,295,1.3.6.1.4.1.14519.5.2.1.6279.6001.100620385482151095585000946543_16_133
0,-155,0,-156,1.3.6.1.4.1.14519.5.2.1.6279.6001.100620385482151095585000946543_20_174
0,-340,0,-205,1.3.6.1.4.1.14519.5.2.1.6279.6001.100620385482151095585000946543_20_175
0,-362,0,-275,1.3.6.1.4.1.14519.5.2.1.6279.6001.100620385482151095585000946543_20_176
0,-299,0,-172,1.3.6.1.4.1.14519.5.2.1.6279.6001.100620385482151095585000946543_20_177
0,-307,0,-198,1.3.6.1.4.1.14519.5.2.1.6279.6001.100620385482151095585000946543_20_178
0,-378,0,-248,1.3.6.1.4.1.14519.5.2.1.6279.6001.100620385482151095585000946543_20_179
126,150,151,175,1.3.6.1.4.1.14519.5.2.1.6279.6001.100620385482151095585000946543_22_181
72,88,335,351,1.3.6.1.4.1.14519.5.2.1.6279.6001.100620385482151095585000946543_24_200
70,88,197,215,1.3.6.1.4.1.14519.5.2.1.6279.6001.100620385482151095585000946543_24_201
124,140,387,403,1.3.6.1.4.1.14519.5.2.1.6279.6001.100620385482151095585000946543_24_202
278,310,377,409,1.3.6.1.4.1.14519.5.2.1.6279.6001.100620385482151095585000946543_28_226
188,210,325,347,1.3.6.1.4.1.14519.5.2.1.6279.6001.100620385482151095585000946543_30_235
316,336,355,375,1.3.6.1.4.1.14519.5.2.1.6279.6001.100620385482151095585000946543_32_263
201,221,396,416,1.3.6.1.4.1.14519.5.2.1.6279.6001.100620385482151095585000946543_34_266
463,481,302,320,1.3.6.1.4.1.14519.5.2.1.6279.6001.100620385482151095585000946543_34_267
127,153,299,325,1.3.6.1.4.1.14519.5.2.1.6279.6001.100620385482151095585000946543_36_302
174,190,120,136,1.3.6.1.4.1.14519.5.2.1.6279.6001.100620385482151095585000946543_38_303
103,121,327,345,1.3.6.1.4.1.14519.5.2.1.6279.6001.100620385482151095585000946543_42_312
97,115,341,359,1.3.6.1.4.1.14519.5.2.1.6279.6001.100620385482151095585000946543_44_357
356,374,141,159,1.3.6.1.4.1.14519.5.2.1.6279.6001.100620385482151095585000946543_48_363
427,445,343,361,1.3.6.1.4.1.14519.5.2.1.6279.6001.100620385482151095585000946543_50_368
386,408,282,304,1.3.6.1.4.1.14519.5.2.1.6279.6001.100620385482151095585000946543_50_369
124,140,169,185,1.3.6.1.4.1.14519.5.2.1.6279.6001.100620385482151095585000946543_52_383
99,121,291,313,1.3.6.1.4.1.14519.5.2.1.6279.6001.100620385482151095585000946543_52_384
360,388,265,293,1.3.6.1.4.1.14519.5.2.1.6279.6001.100620385482151095585000946543_52_385
157,173,199,215,1.3.6.1.4.1.14519.5.2.1.6279.6001.100620385482151095585000946543_52_386
136,156,181,201,1.3.6.1.4.1.14519.5.2.1.6279.6001.100620385482151095585000946543_52_387
380,410,255,285,1.3.6.1.4.1.14519.5.2.1.6279.6001.100620385482151095585000946543_56_397
110,126,127,143,1.3.6.1.4.1.14519.5.2.1.6279.6001.100620385482151095585000946543_56_398
71,83,235,247,1.3.6.1.4.1.14519.5.2.1.6279.6001.100620385482151095585000946543_58_405
92,108,176,192,1.3.6.1.4.1.14519.5.2.1.6279.6001.100620385482151095585000946543_58_406
56,72,323,339,1.3.6.1.4.1.14519.5.2.1.6279.6001.100620385482151095585000946543_58_407
61,77,201,217,1.3.6.1.4.1.14519.5.2.1.6279.6001.100620385482151095585000946543_58_408
404,420,227,243,1.3.6.1.4.1.14519.5.2.1.6279.6001.100620385482151095585000946543_58_409
442,456,207,221,1.3.6.1.4.1.14519.5.2.1.6279.6001.100620385482151095585000946543_58_410
449,461,264,276,1.3.6.1.4.1.14519.5.2.1.6279.6001.100620385482151095585000946543_58_411
338,352,342,356,1.3.6.1.4.1.14519.5.2.1.6279.6001.100620385482151095585000946543_58_412
285,299,237,251,1.3.6.1.4.1.14519.5.2.1.6279.6001.100620385482151095585000946543_58_413
356,374,336,354,1.3.6.1.4.1.14519.5.2.1.6279.6001.100620385482151095585000946543_60_418
32,52,259,279,1.3.6.1.4.1.14519.5.2.1.6279.6001.100620385482151095585000946543_66_423
37,81,268,312,1.3.6.1.4.1.14519.5.2.1.6279.6001.100620385482151095585000946543_66_424
140,160,89,109,1.3.6.1.4.1.14519.5.2.1.6279.6001.100620385482151095585000946543_66_425
175,195,328,348,1.3.6.1.4.1.14519.5.2.1.6279.6001.100620385482151095585000946543_66_426
184,206,337,359,1.3.6.1.4.1.14519.5.2.1.6279.6001.100620385482151095585000946543_66_427
124,174,280,330,1.3.6.1.4.1.14519.5.2.1.6279.6001.100620385482151095585000946543_70_442
234,268,261,295,1.3.6.1.4.1.14519.5.2.1.6279.6001.100620385482151095585000946543_70_443
0,-331,0,-145,1.3.6.1.4.1.14519.5.2.1.6279.6001.100620385482151095585000946543_76_494
312,360,378,426,1.3.6.1.4.1.14519.5.2.1.6279.6001.100620385482151095585000946543_78_520
452,470,306,324,1.3.6.1.4.1.14519.5.2.1.6279.6001.100620385482151095585000946543_78_521
428,446,364,382,1.3.6.1.4.1.14519.5.2.1.6279.6001.100620385482151095585000946543_78_522
411,433,323,345,1.3.6.1.4.1.14519.5.2.1.6279.6001.100620385482151095585000946543_78_523
165,185,147,167,1.3.6.1.4.1.14519.5.2.1.6279.6001.100620385482151095585000946543_82_566
109,131,273,295,1.3.6.1.4.1.14519.5.2.1.6279.6001.100620385482151095585000946543_84_591
273,291,283,301,1.3.6.1.4.1.14519.5.2.1.6279.6001.100620385482151095585000946543_84_592
111,129,335,353,1.3.6.1.4.1.14519.5.2.1.6279.6001.100620385482151095585000946543_86_594
142,182,289,329,1.3.6.1.4.1.14519.5.2.1.6279.6001.100620385482151095585000946543_88_596
102,122,357,377,1.3.6.1.4.1.14519.5.2.1.6279.6001.100620385482151095585000946543_90_634
191,231,183,223,1.3.6.1.4.1.14519.5.2.1.6279.6001.100620385482151095585000946543_92_640
220,250,277,307,1.3.6.1.4.1.14519.5.2.1.6279.6001.100620385482151095585000946543_92_641
209,249,165,205,1.3.6.1.4.1.14519.5.2.1.6279.6001.100620385482151095585000946543_100_694
201,221,195,215,1.3.6.1.4.1.14519.5.2.1.6279.6001.100620385482151095585000946543_100_695
102,122,350,370,1.3.6.1.4.1.14519.5.2.1.6279.6001.100620385482151095585000946543_100_696
174,200,319,345,1.3.6.1.4.1.14519.5.2.1.6279.6001.100620385482151095585000946543_102_709
121,143,270,292,1.3.6.1.4.1.14519.5.2.1.6279.6001.100620385482151095585000946543_102_710
131,153,289,311,1.3.6.1.4.1.14519.5.2.1.6279.6001.100620385482151095585000946543_104_715
138,160,390,412,1.3.6.1.4.1.14519.5.2.1.6279.6001.100620385482151095585000946543_104_716
388,408,153,173,1.3.6.1.4.1.14519.5.2.1.6279.6001.100620385482151095585000946543_106_717
73,123,196,246,1.3.6.1.4.1.14519.5.2.1.6279.6001.100620385482151095585000946543_106_718
176,238,195,257,1.3.6.1.4.1.14519.5.2.1.6279.6001.100620385482151095585000946543_106_719
133,159,65,91,1.3.6.1.4.1.14519.5.2.1.6279.6001.100620385482151095585000946543_108_729
88,112,237,261,1.3.6.1.4.1.14519.5.2.1.6279.6001.100620385482151095585000946543_108_730
374,420,237,283,1.3.6.1.4.1.14519.5.2.1.6279.6001.100620385482151095585000946543_110_735
50,72,295,317,1.3.6.1.4.1.14519.5.2.1.6279.6001.100620385482151095585000946543_112_736
408,426,259,277,1.3.6.1.4.1.14519.5.2.1.6279.6001.100620385482151095585000946543_114_776
113,135,382,404,1.3.6.1.4.1.14519.5.2.1.6279.6001.100620385482151095585000946543_114_777
102,118,220,236,1.3.6.1.4.1.14519.5.2.1.6279.6001.100620385482151095585000946543_114_778
334,382,269,317,1.3.6.1.4.1.14519.5.2.1.6279.6001.100620385482151095585000946543_114_779
130,150,340,360,1.3.6.1.4.1.14519.5.2.1.6279.6001.100620385482151095585000946543_116_782
126,140,148,162,1.3.6.1.4.1.14519.5.2.1.6279.6001.100620385482151095585000946543_118_825
400,416,241,257,1.3.6.1.4.1.14519.5.2.1.6279.6001.100620385482151095585000946543_118_826
143,173,266,296,1.3.6.1.4.1.14519.5.2.1.6279.6001.100620385482151095585000946543_120_868
101,131,257,287,1.3.6.1.4.1.14519.5.2.1.6279.6001.100620385482151095585000946543_120_869
190,234,298,342,1.3.6.1.4.1.14519.5.2.1.6279.6001.100620385482151095585000946543_120_870
431,451,265,285,1.3.6.1.4.1.14519.5.2.1.6279.6001.100620385482151095585000946543_126_883
152,174,361,383,1.3.6.1.4.1.14519.5.2.1.6279.6001.100620385482151095585000946543_126_884
201,233,355,387,1.3.6.1.4.1.14519.5.2.1.6279.6001.100620385482151095585000946543_128_886
134,148,315,329,1.3.6.1.4.1.14519.5.2.1.6279.6001.100620385482151095585000946543_130_894
73,87,146,160,1.3.6.1.4.1.14519.5.2.1.6279.6001.100620385482151095585000946543_132_901
175,205,97,127,1.3.6.1.4.1.14519.5.2.1.6279.6001.100620385482151095585000946543_132_902
88,124,215,251,1.3.6.1.4.1.14519.5.2.1.6279.6001.100620385482151095585000946543_132_903
348,380,107,139,1.3.6.1.4.1.14519.5.2.1.6279.6001.100620385482151095585000946543_132_904
114,144,224,254,1.3.6.1.4.1.14519.5.2.1.6279.6001.100620385482151095585000946543_134_905
427,443,240,256,1.3.6.1.4.1.14519.5.2.1.6279.6001.100620385482151095585000946543_134_906
190,206,264,280,1.3.6.1.4.1.14519.5.2.1.6279.6001.100620385482151095585000946543_134_907
334,354,306,326,1.3.6.1.4.1.14519.5.2.1.6279.6001.100620385482151095585000946543_138_940
394,424,228,258,1.3.6.1.4.1.14519.5.2.1.6279.6001.100620385482151095585000946543_140_954
120,146,323,349,1.3.6.1.4.1.14519.5.2.1.6279.6001.100620385482151095585000946543_142_960
348,392,339,383,1.3.6.1.4.1.14519.5.2.1.6279.6001.100620385482151095585000946543_146_972
69,149,271,351,1.3.6.1.4.1.14519.5.2.1.6279.6001.100620385482151095585000946543_148_998
276,328,345,397,1.3.6.1.4.1.14519.5.2.1.6279.6001.100620385482151095585000946543_148_999
285,349,203,267,1.3.6.1.4.1.14519.5.2.1.6279.6001.100620385482151095585000946543_150_1004
349,367,315,333,1.3.6.1.4.1.14519.5.2.1.6279.6001.100620385482151095585000946543_152_1040
182,218,323,359,1.3.6.1.4.1.14519.5.2.1.6279.6001.100620385482151095585000946543_154_1043
83,149,288,354,1.3.6.1.4.1.14519.5.2.1.6279.6001.100620385482151095585000946543_158_1051
194,216,382,404,1.3.6.1.4.1.14519.5.2.1.6279.6001.100620385482151095585000946543_162_1107
67,85,364,382,1.3.6.1.4.1.14519.5.2.1.6279.6001.100620385482151095585000946543_164_1119
146,198,164,216,1.3.6.1.4.1.14519.5.2.1.6279.6001.100620385482151095585000946543_166_1120
149,165,249,265,1.3.6.1.4.1.14519.5.2.1.6279.6001.100620385482151095585000946543_168_1171
93,143,344,394,1.3.6.1.4.1.14519.5.2.1.6279.6001.100620385482151095585000946543_174_1177
100,132,255,287,1.3.6.1.4.1.14519.5.2.1.6279.6001.100620385482151095585000946543_174_1178
332,358,363,389,1.3.6.1.4.1.14519.5.2.1.6279.6001.100620385482151095585000946543_176_1179
438,458,259,279,1.3.6.1.4.1.14519.5.2.1.6279.6001.100530488926682752765845212286_6_17
402,424,252,274,1.3.6.1.4.1.14519.5.2.1.6279.6001.100530488926682752765845212286_6_18
161,177,441,457,1.3.6.1.4.1.14519.5.2.1.6279.6001.100530488926682752765845212286_6_19
117,149,411,443,1.3.6.1.4.1.14519.5.2.1.6279.6001.100530488926682752765845212286_6_20
54,82,303,331,1.3.6.1.4.1.14519.5.2.1.6279.6001.100530488926682752765845212286_6_21
371,395,412,436,1.3.6.1.4.1.14519.5.2.1.6279.6001.100530488926682752765845212286_6_22
409,429,328,348,1.3.6.1.4.1.14519.5.2.1.6279.6001.100530488926682752765845212286_8_47
372,414,311,353,1.3.6.1.4.1.14519.5.2.1.6279.6001.100530488926682752765845212286_10_56
119,139,130,150,1.3.6.1.4.1.14519.5.2.1.6279.6001.100530488926682752765845212286_12_69
72,94,335,357,1.3.6.1.4.1.14519.5.2.1.6279.6001.100530488926682752765845212286_14_77
139,155,227,243,1.3.6.1.4.1.14519.5.2.1.6279.6001.100530488926682752765845212286_14_78
74,90,330,346,1.3.6.1.4.1.14519.5.2.1.6279.6001.100530488926682752765845212286_14_79
68,90,208,230,1.3.6.1.4.1.14519.5.2.1.6279.6001.100530488926682752765845212286_14_80
420,438,320,338,1.3.6.1.4.1.14519.5.2.1.6279.6001.100530488926682752765845212286_14_81
365,385,356,376,1.3.6.1.4.1.14519.5.2.1.6279.6001.100530488926682752765845212286_14_82
49,65,211,227,1.3.6.1.4.1.14519.5.2.1.6279.6001.100530488926682752765845212286_18_152
457,477,230,250,1.3.6.1.4.1.14519.5.2.1.6279.6001.100530488926682752765845212286_18_153
390,408,149,167,1.3.6.1.4.1.14519.5.2.1.6279.6001.100530488926682752765845212286_18_154
365,423,165,223,1.3.6.1.4.1.14519.5.2.1.6279.6001.100530488926682752765845212286_20_155
298,314,383,399,1.3.6.1.4.1.14519.5.2.1.6279.6001.100530488926682752765845212286_20_156
152,176,139,163,1.3.6.1.4.1.14519.5.2.1.6279.6001.100530488926682752765845212286_20_157
316,346,197,227,1.3.6.1.4.1.14519.5.2.1.6279.6001.100530488926682752765845212286_22_158
335,399,195,259,1.3.6.1.4.1.14519.5.2.1.6279.6001.100530488926682752765845212286_26_167
477,499,269,291,1.3.6.1.4.1.14519.5.2.1.6279.6001.100530488926682752765845212286_28_172
363,383,243,263,1.3.6.1.4.1.14519.5.2.1.6279.6001.100530488926682752765845212286_28_173
128,154,368,394,1.3.6.1.4.1.14519.5.2.1.6279.6001.100530488926682752765845212286_32_218
193,221,353,381,1.3.6.1.4.1.14519.5.2.1.6279.6001.100530488926682752765845212286_32_219
338,362,392,416,1.3.6.1.4.1.14519.5.2.1.6279.6001.100530488926682752765845212286_32_220
421,443,261,283,1.3.6.1.4.1.14519.5.2.1.6279.6001.100530488926682752765845212286_32_221
308,336,394,422,1.3.6.1.4.1.14519.5.2.1.6279.6001.100530488926682752765845212286_32_222
103,129,138,164,1.3.6.1.4.1.14519.5.2.1.6279.6001.100530488926682752765845212286_36_230
60,76,254,270,1.3.6.1.4.1.14519.5.2.1.6279.6001.100530488926682752765845212286_38_268
389,405,346,362,1.3.6.1.4.1.14519.5.2.1.6279.6001.100530488926682752765845212286_38_269
406,424,287,305,1.3.6.1.4.1.14519.5.2.1.6279.6001.100530488926682752765845212286_38_270
0,-146,0,-297,1.3.6.1.4.1.14519.5.2.1.6279.6001.100530488926682752765845212286_40_301
353,381,296,324,1.3.6.1.4.1.14519.5.2.1.6279.6001.100530488926682752765845212286_42_305
420,434,261,275,1.3.6.1.4.1.14519.5.2.1.6279.6001.100530488926682752765845212286_44_328
128,142,197,211,1.3.6.1.4.1.14519.5.2.1.6279.6001.100530488926682752765845212286_44_329
153,175,356,378,1.3.6.1.4.1.14519.5.2.1.6279.6001.100530488926682752765845212286_46_354
390,404,336,350,1.3.6.1.4.1.14519.5.2.1.6279.6001.100530488926682752765845212286_46_355
313,349,193,229,1.3.6.1.4.1.14519.5.2.1.6279.6001.100530488926682752765845212286_48_389
329,381,208,260,1.3.6.1.4.1.14519.5.2.1.6279.6001.100530488926682752765845212286_48_390
309,365,318,374,1.3.6.1.4.1.14519.5.2.1.6279.6001.100530488926682752765845212286_48_391
107,143,254,290,1.3.6.1.4.1.14519.5.2.1.6279.6001.100530488926682752765845212286_52_419
384,446,241,303,1.3.6.1.4.1.14519.5.2.1.6279.6001.100530488926682752765845212286_56_429
326,378,235,287,1.3.6.1.4.1.14519.5.2.1.6279.6001.100530488926682752765845212286_58_432
337,363,319,345,1.3.6.1.4.1.14519.5.2.1.6279.6001.100530488926682752765845212286_58_433
327,345,316,334,1.3.6.1.4.1.14519.5.2.1.6279.6001.100530488926682752765845212286_58_434
280,346,171,237,1.3.6.1.4.1.14519.5.2.1.6279.6001.100530488926682752765845212286_62_447
300,328,188,216,1.3.6.1.4.1.14519.5.2.1.6279.6001.100530488926682752765845212286_66_448
276,338,193,255,1.3.6.1.4.1.14519.5.2.1.6279.6001.100530488926682752765845212286_66_449
127,159,284,316,1.3.6.1.4.1.14519.5.2.1.6279.6001.100530488926682752765845212286_66_450
379,403,379,403,1.3.6.1.4.1.14519.5.2.1.6279.6001.100530488926682752765845212286_68_461
456,474,259,277,1.3.6.1.4.1.14519.5.2.1.6279.6001.100530488926682752765845212286_68_462
85,105,363,383,1.3.6.1.4.1.14519.5.2.1.6279.6001.100530488926682752765845212286_68_463
196,218,393,415,1.3.6.1.4.1.14519.5.2.1.6279.6001.100530488926682752765845212286_68_464
118,134,372,388,1.3.6.1.4.1.14519.5.2.1.6279.6001.100530488926682752765845212286_68_465
157,181,394,418,1.3.6.1.4.1.14519.5.2.1.6279.6001.100530488926682752765845212286_68_466
115,135,160,180,1.3.6.1.4.1.14519.5.2.1.6279.6001.100530488926682752765845212286_70_475
126,154,296,324,1.3.6.1.4.1.14519.5.2.1.6279.6001.100530488926682752765845212286_70_476
74,94,216,236,1.3.6.1.4.1.14519.5.2.1.6279.6001.100530488926682752765845212286_72_488
377,395,275,293,1.3.6.1.4.1.14519.5.2.1.6279.6001.100530488926682752765845212286_72_489
415,441,267,293,1.3.6.1.4.1.14519.5.2.1.6279.6001.100530488926682752765845212286_74_538
411,429,295,313,1.3.6.1.4.1.14519.5.2.1.6279.6001.100530488926682752765845212286_74_539
246,264,214,232,1.3.6.1.4.1.14519.5.2.1.6279.6001.100530488926682752765845212286_74_540
55,79,233,257,1.3.6.1.4.1.14519.5.2.1.6279.6001.100530488926682752765845212286_76_550
105,123,256,274,1.3.6.1.4.1.14519.5.2.1.6279.6001.100530488926682752765845212286_76_551
94,126,337,369,1.3.6.1.4.1.14519.5.2.1.6279.6001.100530488926682752765845212286_82_585
156,176,286,306,1.3.6.1.4.1.14519.5.2.1.6279.6001.100530488926682752765845212286_84_595
382,404,291,313,1.3.6.1.4.1.14519.5.2.1.6279.6001.100530488926682752765845212286_86_608
88,112,258,282,1.3.6.1.4.1.14519.5.2.1.6279.6001.100530488926682752765845212286_88_632
183,239,306,362,1.3.6.1.4.1.14519.5.2.1.6279.6001.100530488926682752765845212286_90_657
187,201,285,299,1.3.6.1.4.1.14519.5.2.1.6279.6001.100530488926682752765845212286_90_658
203,221,248,266,1.3.6.1.4.1.14519.5.2.1.6279.6001.100530488926682752765845212286_90_659
413,429,268,284,1.3.6.1.4.1.14519.5.2.1.6279.6001.100530488926682752765845212286_90_660
194,206,244,256,1.3.6.1.4.1.14519.5.2.1.6279.6001.100530488926682752765845212286_90_661
217,239,372,394,1.3.6.1.4.1.14519.5.2.1.6279.6001.100530488926682752765845212286_94_680
111,127,382,398,1.3.6.1.4.1.14519.5.2.1.6279.6001.100530488926682752765845212286_94_681
347,363,419,435,1.3.6.1.4.1.14519.5.2.1.6279.6001.100530488926682752765845212286_94_682
430,446,242,258,1.3.6.1.4.1.14519.5.2.1.6279.6001.100530488926682752765845212286_96_684
80,100,247,267,1.3.6.1.4.1.14519.5.2.1.6279.6001.100530488926682752765845212286_98_693
400,418,206,224,1.3.6.1.4.1.14519.5.2.1.6279.6001.100530488926682752765845212286_100_698
321,351,352,382,1.3.6.1.4.1.14519.5.2.1.6279.6001.100530488926682752765845212286_102_731
159,183,150,174,1.3.6.1.4.1.14519.5.2.1.6279.6001.100530488926682752765845212286_104_761
92,112,214,234,1.3.6.1.4.1.14519.5.2.1.6279.6001.100530488926682752765845212286_106_823
113,141,328,356,1.3.6.1.4.1.14519.5.2.1.6279.6001.100530488926682752765845212286_106_824
44,68,283,307,1.3.6.1.4.1.14519.5.2.1.6279.6001.100530488926682752765845212286_112_837
154,176,297,319,1.3.6.1.4.1.14519.5.2.1.6279.6001.100530488926682752765845212286_114_843
378,392,315,329,1.3.6.1.4.1.14519.5.2.1.6279.6001.100530488926682752765845212286_116_865
286,302,384,400,1.3.6.1.4.1.14519.5.2.1.6279.6001.100530488926682752765845212286_116_866
386,404,336,354,1.3.6.1.4.1.14519.5.2.1.6279.6001.100530488926682752765845212286_116_867
123,141,374,392,1.3.6.1.4.1.14519.5.2.1.6279.6001.100530488926682752765845212286_120_885
365,397,253,285,1.3.6.1.4.1.14519.5.2.1.6279.6001.100530488926682752765845212286_130_943
154,204,215,265,1.3.6.1.4.1.14519.5.2.1.6279.6001.100530488926682752765845212286_132_955
219,239,253,273,1.3.6.1.4.1.14519.5.2.1.6279.6001.100530488926682752765845212286_138_963
109,129,168,188,1.3.6.1.4.1.14519.5.2.1.6279.6001.100530488926682752765845212286_140_969
432,446,272,286,1.3.6.1.4.1.14519.5.2.1.6279.6001.100530488926682752765845212286_142_977
155,185,196,226,1.3.6.1.4.1.14519.5.2.1.6279.6001.100530488926682752765845212286_146_981
111,133,287,309,1.3.6.1.4.1.14519.5.2.1.6279.6001.100530488926682752765845212286_146_982
366,400,285,319,1.3.6.1.4.1.14519.5.2.1.6279.6001.100530488926682752765845212286_150_993
370,390,348,368,1.3.6.1.4.1.14519.5.2.1.6279.6001.100530488926682752765845212286_152_1033
139,155,385,401,1.3.6.1.4.1.14519.5.2.1.6279.6001.100530488926682752765845212286_154_1053
178,204,394,420,1.3.6.1.4.1.14519.5.2.1.6279.6001.100530488926682752765845212286_156_1061
115,133,289,307,1.3.6.1.4.1.14519.5.2.1.6279.6001.100530488926682752765845212286_158_1079
366,426,195,255,1.3.6.1.4.1.14519.5.2.1.6279.6001.100530488926682752765845212286_158_1080
148,178,176,206,1.3.6.1.4.1.14519.5.2.1.6279.6001.100530488926682752765845212286_160_1096
323,353,228,258,1.3.6.1.4.1.14519.5.2.1.6279.6001.100530488926682752765845212286_160_1097
94,144,296,346,1.3.6.1.4.1.14519.5.2.1.6279.6001.100530488926682752765845212286_162_1098
439,459,185,205,1.3.6.1.4.1.14519.5.2.1.6279.6001.100530488926682752765845212286_164_1101
63,83,325,345,1.3.6.1.4.1.14519.5.2.1.6279.6001.100530488926682752765845212286_166_1102
185,213,234,262,1.3.6.1.4.1.14519.5.2.1.6279.6001.100530488926682752765845212286_170_1110
321,361,185,225,1.3.6.1.4.1.14519.5.2.1.6279.6001.100530488926682752765845212286_170_1111
329,385,169,225,1.3.6.1.4.1.14519.5.2.1.6279.6001.100530488926682752765845212286_170_1112
319,351,354,386,1.3.6.1.4.1.14519.5.2.1.6279.6001.100530488926682752765845212286_170_1113
288,326,355,393,1.3.6.1.4.1.14519.5.2.1.6279.6001.100530488926682752765845212286_170_1114
284,312,255,283,1.3.6.1.4.1.14519.5.2.1.6279.6001.100530488926682752765845212286_170_1115
105,145,276,316,1.3.6.1.4.1.14519.5.2.1.6279.6001.100530488926682752765845212286_174_1132
121,149,226,254,1.3.6.1.4.1.14519.5.2.1.6279.6001.100530488926682752765845212286_174_1133
293,341,328,376,1.3.6.1.4.1.14519.5.2.1.6279.6001.100530488926682752765845212286_174_1134
138,156,359,377,1.3.6.1.4.1.14519.5.2.1.6279.6001.100530488926682752765845212286_174_1135
116,144,238,266,1.3.6.1.4.1.14519.5.2.1.6279.6001.100530488926682752765845212286_174_1136
346,370,350,374,1.3.6.1.4.1.14519.5.2.1.6279.6001.100530488926682752765845212286_176_1145
321,351,351,381,1.3.6.1.4.1.14519.5.2.1.6279.6001.100530488926682752765845212286_176_1146
107,129,215,237,1.3.6.1.4.1.14519.5.2.1.6279.6001.100530488926682752765845212286_176_1147
72,96,315,339,1.3.6.1.4.1.14519.5.2.1.6279.6001.100530488926682752765845212286_176_1148
279,325,179,225,1.3.6.1.4.1.14519.5.2.1.6279.6001.100530488926682752765845212286_176_1149
146,172,348,374,1.3.6.1.4.1.14519.5.2.1.6279.6001.100530488926682752765845212286_176_1150
265,295,177,207,1.3.6.1.4.1.14519.5.2.1.6279.6001.100530488926682752765845212286_176_1151
373,395,258,280,1.3.6.1.4.1.14519.5.2.1.6279.6001.100332161840553388986847034053_2_2
159,213,271,325,1.3.6.1.4.1.14519.5.2.1.6279.6001.100332161840553388986847034053_8_27
150,184,293,327,1.3.6.1.4.1.14519.5.2.1.6279.6001.100332161840553388986847034053_10_29
99,119,348,368,1.3.6.1.4.1.14519.5.2.1.6279.6001.100332161840553388986847034053_10_30
292,374,286,368,1.3.6.1.4.1.14519.5.2.1.6279.6001.100332161840553388986847034053_14_34
171,217,171,217,1.3.6.1.4.1.14519.5.2.1.6279.6001.100332161840553388986847034053_14_35
165,197,380,412,1.3.6.1.4.1.14519.5.2.1.6279.6001.100332161840553388986847034053_16_62
22,52,268,298,1.3.6.1.4.1.14519.5.2.1.6279.6001.100332161840553388986847034053_16_63
59,79,289,309,1.3.6.1.4.1.14519.5.2.1.6279.6001.100332161840553388986847034053_16_64
363,377,202,216,1.3.6.1.4.1.14519.5.2.1.6279.6001.100332161840553388986847034053_20_111
358,382,344,368,1.3.6.1.4.1.14519.5.2.1.6279.6001.100332161840553388986847034053_22_122
406,424,112,130,1.3.6.1.4.1.14519.5.2.1.6279.6001.100332161840553388986847034053_30_141
101,123,211,233,1.3.6.1.4.1.14519.5.2.1.6279.6001.100332161840553388986847034053_30_142
135,173,304,342,1.3.6.1.4.1.14519.5.2.1.6279.6001.100332161840553388986847034053_30_143
409,451,347,389,1.3.6.1.4.1.14519.5.2.1.6279.6001.100332161840553388986847034053_32_145
146,164,151,169,1.3.6.1.4.1.14519.5.2.1.6279.6001.100332161840553388986847034053_40_203
130,154,297,321,1.3.6.1.4.1.14519.5.2.1.6279.6001.100332161840553388986847034053_40_204
95,111,369,385,1.3.6.1.4.1.14519.5.2.1.6279.6001.100332161840553388986847034053_40_205
411,431,168,188,1.3.6.1.4.1.14519.5.2.1.6279.6001.100332161840553388986847034053_40_206
405,423,346,364,1.3.6.1.4.1.14519.5.2.1.6279.6001.100332161840553388986847034053_40_207
422,440,337,355,1.3.6.1.4.1.14519.5.2.1.6279.6001.100332161840553388986847034053_40_208
181,211,262,292,1.3.6.1.4.1.14519.5.2.1.6279.6001.100332161840553388986847034053_42_213
131,161,288,318,1.3.6.1.4.1.14519.5.2.1.6279.6001.100332161840553388986847034053_44_214
153,171,370,388,1.3.6.1.4.1.14519.5.2.1.6279.6001.100332161840553388986847034053_46_223
433,461,202,230,1.3.6.1.4.1.14519.5.2.1.6279.6001.100332161840553388986847034053_46_224
161,195,165,199,1.3.6.1.4.1.14519.5.2.1.6279.6001.100332161840553388986847034053_48_282
165,217,118,170,1.3.6.1.4.1.14519.5.2.1.6279.6001.100332161840553388986847034053_48_283
398,412,319,333,1.3.6.1.4.1.14519.5.2.1.6279.6001.100332161840553388986847034053_52_296
349,367,207,225,1.3.6.1.4.1.14519.5.2.1.6279.6001.100332161840553388986847034053_52_297
366,384,218,236,1.3.6.1.4.1.14519.5.2.1.6279.6001.100332161840553388986847034053_54_304
167,193,275,301,1.3.6.1.4.1.14519.5.2.1.6279.6001.100332161840553388986847034053_58_346
201,223,257,279,1.3.6.1.4.1.14519.5.2.1.6279.6001.100332161840553388986847034053_64_366
113,139,318,344,1.3.6.1.4.1.14519.5.2.1.6279.6001.100332161840553388986847034053_66_404
384,400,348,364,1.3.6.1.4.1.14519.5.2.1.6279.6001.100332161840553388986847034053_70_430
419,435,268,284,1.3.6.1.4.1.14519.5.2.1.6279.6001.100332161840553388986847034053_70_431
373,405,316,348,1.3.6.1.4.1.14519.5.2.1.6279.6001.100332161840553388986847034053_76_495
347,369,329,351,1.3.6.1.4.1.14519.5.2.1.6279.6001.100332161840553388986847034053_76_496
385,403,275,293,1.3.6.1.4.1.14519.5.2.1.6279.6001.100332161840553388986847034053_76_497
321,337,334,350,1.3.6.1.4.1.14519.5.2.1.6279.6001.100332161840553388986847034053_76_498
229,245,294,310,1.3.6.1.4.1.14519.5.2.1.6279.6001.100332161840553388986847034053_76_499
195,217,354,376,1.3.6.1.4.1.14519.5.2.1.6279.6001.100332161840553388986847034053_76_500
177,199,205,227,1.3.6.1.4.1.14519.5.2.1.6279.6001.100332161840553388986847034053_76_501
310,336,261,287,1.3.6.1.4.1.14519.5.2.1.6279.6001.100332161840553388986847034053_76_502
329,347,308,326,1.3.6.1.4.1.14519.5.2.1.6279.6001.100332161840553388986847034053_76_503
170,214,381,425,1.3.6.1.4.1.14519.5.2.1.6279.6001.100332161840553388986847034053_78_513
92,112,370,390,1.3.6.1.4.1.14519.5.2.1.6279.6001.100332161840553388986847034053_78_514
282,306,348,372,1.3.6.1.4.1.14519.5.2.1.6279.6001.100332161840553388986847034053_78_515
52,82,300,330,1.3.6.1.4.1.14519.5.2.1.6279.6001.100332161840553388986847034053_78_516
92,114,290,312,1.3.6.1.4.1.14519.5.2.1.6279.6001.100332161840553388986847034053_86_568
394,420,279,305,1.3.6.1.4.1.14519.5.2.1.6279.6001.100332161840553388986847034053_88_593
414,436,140,162,1.3.6.1.4.1.14519.5.2.1.6279.6001.100332161840553388986847034053_92_598
398,424,204,230,1.3.6.1.4.1.14519.5.2.1.6279.6001.100332161840553388986847034053_94_599
100,136,178,214,1.3.6.1.4.1.14519.5.2.1.6279.6001.100332161840553388986847034053_98_646
101,123,314,336,1.3.6.1.4.1.14519.5.2.1.6279.6001.100332161840553388986847034053_100_653
379,397,332,350,1.3.6.1.4.1.14519.5.2.1.6279.6001.100332161840553388986847034053_100_654
345,393,364,412,1.3.6.1.4.1.14519.5.2.1.6279.6001.100332161840553388986847034053_102_655
414,432,249,267,1.3.6.1.4.1.14519.5.2.1.6279.6001.100332161840553388986847034053_102_656
84,102,277,295,1.3.6.1.4.1.14519.5.2.1.6279.6001.100332161840553388986847034053_104_668
122,138,181,197,1.3.6.1.4.1.14519.5.2.1.6279.6001.100332161840553388986847034053_104_669
379,393,330,344,1.3.6.1.4.1.14519.5.2.1.6279.6001.100332161840553388986847034053_106_714
122,138,171,187,1.3.6.1.4.1.14519.5.2.1.6279.6001.100332161840553388986847034053_108_720
183,209,166,192,1.3.6.1.4.1.14519.5.2.1.6279.6001.100332161840553388986847034053_108_721
128,152,203,227,1.3.6.1.4.1.14519.5.2.1.6279.6001.100332161840553388986847034053_108_722
407,429,352,374,1.3.6.1.4.1.14519.5.2.1.6279.6001.100332161840553388986847034053_108_723
100,118,389,407,1.3.6.1.4.1.14519.5.2.1.6279.6001.100332161840553388986847034053_108_724
114,132,308,326,1.3.6.1.4.1.14519.5.2.1.6279.6001.100332161840553388986847034053_110_727
154,170,257,273,1.3.6.1.4.1.14519.5.2.1.6279.6001.100332161840553388986847034053_110_728
140,198,366,424,1.3.6.1.4.1.14519.5.2.1.6279.6001.100332161840553388986847034053_114_770
139,181,342,384,1.3.6.1.4.1.14519.5.2.1.6279.6001.100332161840553388986847034053_114_771
347,387,329,369,1.3.6.1.4.1.14519.5.2.1.6279.6001.100332161840553388986847034053_114_772
371,399,279,307,1.3.6.1.4.1.14519.5.2.1.6279.6001.100332161840553388986847034053_114_773
343,365,277,299,1.3.6.1.4.1.14519.5.2.1.6279.6001.100332161840553388986847034053_114_774
417,435,177,195,1.3.6.1.4.1.14519.5.2.1.6279.6001.100332161840553388986847034053_116_775
113,157,268,312,1.3.6.1.4.1.14519.5.2.1.6279.6001.100332161840553388986847034053_118_801
352,390,173,211,1.3.6.1.4.1.14519.5.2.1.6279.6001.100332161840553388986847034053_118_802
105,125,188,208,1.3.6.1.4.1.14519.5.2.1.6279.6001.100332161840553388986847034053_120_809
74,90,333,349,1.3.6.1.4.1.14519.5.2.1.6279.6001.100332161840553388986847034053_120_810
359,387,160,188,1.3.6.1.4.1.14519.5.2.1.6279.6001.100332161840553388986847034053_122_832
172,192,374,394,1.3.6.1.4.1.14519.5.2.1.6279.6001.100332161840553388986847034053_124_844
105,125,189,209,1.3.6.1.4.1.14519.5.2.1.6279.6001.100332161840553388986847034053_124_845
333,399,231,297,1.3.6.1.4.1.14519.5.2.1.6279.6001.100332161840553388986847034053_128_890
341,397,301,357,1.3.6.1.4.1.14519.5.2.1.6279.6001.100332161840553388986847034053_128_891
382,400,369,387,1.3.6.1.4.1.14519.5.2.1.6279.6001.100332161840553388986847034053_130_899
378,398,367,387,1.3.6.1.4.1.14519.5.2.1.6279.6001.100332161840553388986847034053_130_900
304,322,357,375,1.3.6.1.4.1.14519.5.2.1.6279.6001.100332161840553388986847034053_136_944
93,111,374,392,1.3.6.1.4.1.14519.5.2.1.6279.6001.100332161840553388986847034053_136_945
124,158,266,300,1.3.6.1.4.1.14519.5.2.1.6279.6001.100332161840553388986847034053_138_946
85,105,309,329,1.3.6.1.4.1.14519.5.2.1.6279.6001.100332161840553388986847034053_140_948
62,78,315,331,1.3.6.1.4.1.14519.5.2.1.6279.6001.100332161840553388986847034053_140_949
64,80,271,287,1.3.6.1.4.1.14519.5.2.1.6279.6001.100332161840553388986847034053_140_950
416,438,312,334,1.3.6.1.4.1.14519.5.2.1.6279.6001.100332161840553388986847034053_140_951
393,407,356,370,1.3.6.1.4.1.14519.5.2.1.6279.6001.100332161840553388986847034053_140_952
109,127,171,189,1.3.6.1.4.1.14519.5.2.1.6279.6001.100332161840553388986847034053_140_953
187,211,144,168,1.3.6.1.4.1.14519.5.2.1.6279.6001.100332161840553388986847034053_142_956
325,347,374,396,1.3.6.1.4.1.14519.5.2.1.6279.6001.100332161840553388986847034053_144_965
439,457,171,189,1.3.6.1.4.1.14519.5.2.1.6279.6001.100332161840553388986847034053_148_973
190,214,301,325,1.3.6.1.4.1.14519.5.2.1.6279.6001.100332161840553388986847034053_148_974
37,69,248,280,1.3.6.1.4.1.14519.5.2.1.6279.6001.100332161840553388986847034053_150_983
439,461,311,333,1.3.6.1.4.1.14519.5.2.1.6279.6001.100332161840553388986847034053_152_1008
82,100,146,164,1.3.6.1.4.1.14519.5.2.1.6279.6001.100332161840553388986847034053_152_1009
63,77,196,210,1.3.6.1.4.1.14519.5.2.1.6279.6001.100332161840553388986847034053_152_1010
446,474,282,310,1.3.6.1.4.1.14519.5.2.1.6279.6001.100332161840553388986847034053_158_1052
117,137,189,209,1.3.6.1.4.1.14519.5.2.1.6279.6001.100332161840553388986847034053_160_1069
161,181,288,308,1.3.6.1.4.1.14519.5.2.1.6279.6001.100332161840553388986847034053_160_1070
144,190,342,388,1.3.6.1.4.1.14519.5.2.1.6279.6001.100332161840553388986847034053_162_1076
100,150,298,348,1.3.6.1.4.1.14519.5.2.1.6279.6001.100332161840553388986847034053_166_1082
305,327,351,373,1.3.6.1.4.1.14519.5.2.1.6279.6001.100332161840553388986847034053_166_1083
115,143,252,280,1.3.6.1.4.1.14519.5.2.1.6279.6001.100332161840553388986847034053_170_1122
126,150,259,283,1.3.6.1.4.1.14519.5.2.1.6279.6001.106630482085576298661469304872_0_14
96,148,130,182,1.3.6.1.4.1.14519.5.2.1.6279.6001.106630482085576298661469304872_2_16
126,140,389,403,1.3.6.1.4.1.14519.5.2.1.6279.6001.106630482085576298661469304872_4_57
228,242,342,356,1.3.6.1.4.1.14519.5.2.1.6279.6001.106630482085576298661469304872_4_58
368,392,388,412,1.3.6.1.4.1.14519.5.2.1.6279.6001.106630482085576298661469304872_4_59
326,356,337,367,1.3.6.1.4.1.14519.5.2.1.6279.6001.106630482085576298661469304872_4_60
120,134,376,390,1.3.6.1.4.1.14519.5.2.1.6279.6001.106630482085576298661469304872_4_61
128,150,140,162,1.3.6.1.4.1.14519.5.2.1.6279.6001.106630482085576298661469304872_6_65
190,214,142,166,1.3.6.1.4.1.14519.5.2.1.6279.6001.106630482085576298661469304872_6_66
4,58,239,293,1.3.6.1.4.1.14519.5.2.1.6279.6001.106630482085576298661469304872_8_67
404,422,293,311,1.3.6.1.4.1.14519.5.2.1.6279.6001.106630482085576298661469304872_10_68
85,101,147,163,1.3.6.1.4.1.14519.5.2.1.6279.6001.106630482085576298661469304872_14_83
339,355,291,307,1.3.6.1.4.1.14519.5.2.1.6279.6001.106630482085576298661469304872_14_84
116,136,387,407,1.3.6.1.4.1.14519.5.2.1.6279.6001.106630482085576298661469304872_16_108
301,323,396,418,1.3.6.1.4.1.14519.5.2.1.6279.6001.106630482085576298661469304872_16_109
67,87,255,275,1.3.6.1.4.1.14519.5.2.1.6279.6001.106630482085576298661469304872_18_118
416,436,264,284,1.3.6.1.4.1.14519.5.2.1.6279.6001.106630482085576298661469304872_18_119
133,151,206,224,1.3.6.1.4.1.14519.5.2.1.6279.6001.106630482085576298661469304872_22_170
213,231,338,356,1.3.6.1.4.1.14519.5.2.1.6279.6001.106630482085576298661469304872_22_171
101,159,259,317,1.3.6.1.4.1.14519.5.2.1.6279.6001.106630482085576298661469304872_24_182
151,165,315,329,1.3.6.1.4.1.14519.5.2.1.6279.6001.106630482085576298661469304872_24_183
112,132,203,223,1.3.6.1.4.1.14519.5.2.1.6279.6001.106630482085576298661469304872_26_185
381,399,277,295,1.3.6.1.4.1.14519.5.2.1.6279.6001.106630482085576298661469304872_28_186
451,467,291,307,1.3.6.1.4.1.14519.5.2.1.6279.6001.106630482085576298661469304872_28_187
129,153,169,193,1.3.6.1.4.1.14519.5.2.1.6279.6001.106630482085576298661469304872_28_188
114,126,144,156,1.3.6.1.4.1.14519.5.2.1.6279.6001.106630482085576298661469304872_28_189
134,154,142,162,1.3.6.1.4.1.14519.5.2.1.6279.6001.106630482085576298661469304872_30_195
77,99,207,229,1.3.6.1.4.1.14519.5.2.1.6279.6001.106630482085576298661469304872_32_209
95,113,254,272,1.3.6.1.4.1.14519.5.2.1.6279.6001.106630482085576298661469304872_32_210
137,155,330,348,1.3.6.1.4.1.14519.5.2.1.6279.6001.106630482085576298661469304872_32_211
292,318,290,316,1.3.6.1.4.1.14519.5.2.1.6279.6001.106630482085576298661469304872_34_215
141,155,288,302,1.3.6.1.4.1.14519.5.2.1.6279.6001.106630482085576298661469304872_34_216
355,369,270,284,1.3.6.1.4.1.14519.5.2.1.6279.6001.106630482085576298661469304872_34_217
354,386,329,361,1.3.6.1.4.1.14519.5.2.1.6279.6001.106630482085576298661469304872_38_231
79,139,208,268,1.3.6.1.4.1.14519.5.2.1.6279.6001.106630482085576298661469304872_38_232
185,231,333,379,1.3.6.1.4.1.14519.5.2.1.6279.6001.106630482085576298661469304872_40_238
363,381,351,369,1.3.6.1.4.1.14519.5.2.1.6279.6001.106630482085576298661469304872_42_244
181,195,409,423,1.3.6.1.4.1.14519.5.2.1.6279.6001.106630482085576298661469304872_42_245
150,166,347,363,1.3.6.1.4.1.14519.5.2.1.6279.6001.106630482085576298661469304872_42_246
117,129,257,269,1.3.6.1.4.1.14519.5.2.1.6279.6001.106630482085576298661469304872_42_247
80,94,244,258,1.3.6.1.4.1.14519.5.2.1.6279.6001.106630482085576298661469304872_44_255
148,170,301,323,1.3.6.1.4.1.14519.5.2.1.6279.6001.106630482085576298661469304872_44_256
219,233,308,322,1.3.6.1.4.1.14519.5.2.1.6279.6001.106630482085576298661469304872_46_260
212,230,288,306,1.3.6.1.4.1.14519.5.2.1.6279.6001.106630482085576298661469304872_46_261
326,342,349,365,1.3.6.1.4.1.14519.5.2.1.6279.6001.106630482085576298661469304872_50_277
361,375,344,358,1.3.6.1.4.1.14519.5.2.1.6279.6001.106630482085576298661469304872_52_279
397,413,210,226,1.3.6.1.4.1.14519.5.2.1.6279.6001.106630482085576298661469304872_54_284
345,367,353,375,1.3.6.1.4.1.14519.5.2.1.6279.6001.106630482085576298661469304872_54_285
309,345,259,295,1.3.6.1.4.1.14519.5.2.1.6279.6001.106630482085576298661469304872_54_286
347,367,327,347,1.3.6.1.4.1.14519.5.2.1.6279.6001.106630482085576298661469304872_54_287
201,223,326,348,1.3.6.1.4.1.14519.5.2.1.6279.6001.106630482085576298661469304872_54_288
192,216,202,226,1.3.6.1.4.1.14519.5.2.1.6279.6001.106630482085576298661469304872_54_289
206,222,193,209,1.3.6.1.4.1.14519.5.2.1.6279.6001.106630482085576298661469304872_54_290
237,253,298,314,1.3.6.1.4.1.14519.5.2.1.6279.6001.106630482085576298661469304872_54_291
205,225,353,373,1.3.6.1.4.1.14519.5.2.1.6279.6001.106630482085576298661469304872_54_292
172,204,338,370,1.3.6.1.4.1.14519.5.2.1.6279.6001.106630482085576298661469304872_54_293
170,186,164,180,1.3.6.1.4.1.14519.5.2.1.6279.6001.106630482085576298661469304872_54_294
400,414,171,185,1.3.6.1.4.1.14519.5.2.1.6279.6001.106630482085576298661469304872_54_295
344,370,343,369,1.3.6.1.4.1.14519.5.2.1.6279.6001.106630482085576298661469304872_62_402
314,340,292,318,1.3.6.1.4.1.14519.5.2.1.6279.6001.106630482085576298661469304872_62_403
366,390,345,369,1.3.6.1.4.1.14519.5.2.1.6279.6001.106630482085576298661469304872_64_509
337,365,341,369,1.3.6.1.4.1.14519.5.2.1.6279.6001.106630482085576298661469304872_64_510
86,110,204,228,1.3.6.1.4.1.14519.5.2.1.6279.6001.106630482085576298661469304872_68_560
151,169,342,360,1.3.6.1.4.1.14519.5.2.1.6279.6001.106630482085576298661469304872_68_561
121,137,324,340,1.3.6.1.4.1.14519.5.2.1.6279.6001.106630482085576298661469304872_68_562
127,149,315,337,1.3.6.1.4.1.14519.5.2.1.6279.6001.106630482085576298661469304872_70_563
289,315,301,327,1.3.6.1.4.1.14519.5.2.1.6279.6001.106630482085576298661469304872_76_581
358,370,314,326,1.3.6.1.4.1.14519.5.2.1.6279.6001.106630482085576298661469304872_76_582
406,426,242,262,1.3.6.1.4.1.14519.5.2.1.6279.6001.106630482085576298661469304872_78_597
175,193,363,381,1.3.6.1.4.1.14519.5.2.1.6279.6001.106630482085576298661469304872_80_606
334,378,210,254,1.3.6.1.4.1.14519.5.2.1.6279.6001.106630482085576298661469304872_80_607
439,461,328,350,1.3.6.1.4.1.14519.5.2.1.6279.6001.106630482085576298661469304872_82_616
440,460,223,243,1.3.6.1.4.1.14519.5.2.1.6279.6001.106630482085576298661469304872_82_617
422,444,370,392,1.3.6.1.4.1.14519.5.2.1.6279.6001.106630482085576298661469304872_82_618
50,78,246,274,1.3.6.1.4.1.14519.5.2.1.6279.6001.106630482085576298661469304872_82_619
116,162,156,202,1.3.6.1.4.1.14519.5.2.1.6279.6001.106630482085576298661469304872_84_631
72,92,202,222,1.3.6.1.4.1.14519.5.2.1.6279.6001.106630482085576298661469304872_86_635
312,330,349,367,1.3.6.1.4.1.14519.5.2.1.6279.6001.106630482085576298661469304872_86_636
346,366,359,379,1.3.6.1.4.1.14519.5.2.1.6279.6001.106630482085576298661469304872_90_642
89,103,362,376,1.3.6.1.4.1.14519.5.2.1.6279.6001.106630482085576298661469304872_90_643
344,370,352,378,1.3.6.1.4.1.14519.5.2.1.6279.6001.106630482085576298661469304872_96_702
333,351,233,251,1.3.6.1.4.1.14519.5.2.1.6279.6001.106630482085576298661469304872_100_734
403,419,122,138,1.3.6.1.4.1.14519.5.2.1.6279.6001.106630482085576298661469304872_102_750
416,436,302,322,1.3.6.1.4.1.14519.5.2.1.6279.6001.106630482085576298661469304872_102_751
203,221,220,238,1.3.6.1.4.1.14519.5.2.1.6279.6001.106630482085576298661469304872_104_757
192,212,294,314,1.3.6.1.4.1.14519.5.2.1.6279.6001.106630482085576298661469304872_104_758
341,355,252,266,1.3.6.1.4.1.14519.5.2.1.6279.6001.106630482085576298661469304872_104_759
313,335,374,396,1.3.6.1.4.1.14519.5.2.1.6279.6001.106630482085576298661469304872_108_780
415,439,285,309,1.3.6.1.4.1.14519.5.2.1.6279.6001.106630482085576298661469304872_118_848
122,150,311,339,1.3.6.1.4.1.14519.5.2.1.6279.6001.106630482085576298661469304872_118_849
381,397,176,192,1.3.6.1.4.1.14519.5.2.1.6279.6001.106630482085576298661469304872_118_850
355,375,277,297,1.3.6.1.4.1.14519.5.2.1.6279.6001.106630482085576298661469304872_118_851
390,406,250,266,1.3.6.1.4.1.14519.5.2.1.6279.6001.106630482085576298661469304872_118_852
172,200,381,409,1.3.6.1.4.1.14519.5.2.1.6279.6001.106630482085576298661469304872_118_853
138,154,271,287,1.3.6.1.4.1.14519.5.2.1.6279.6001.106630482085576298661469304872_118_854
122,136,368,382,1.3.6.1.4.1.14519.5.2.1.6279.6001.106630482085576298661469304872_122_875
99,115,343,359,1.3.6.1.4.1.14519.5.2.1.6279.6001.106630482085576298661469304872_122_876
326,342,375,391,1.3.6.1.4.1.14519.5.2.1.6279.6001.106630482085576298661469304872_124_878
73,153,158,238,1.3.6.1.4.1.14519.5.2.1.6279.6001.106630482085576298661469304872_126_879
312,344,246,278,1.3.6.1.4.1.14519.5.2.1.6279.6001.106630482085576298661469304872_126_880
378,414,334,370,1.3.6.1.4.1.14519.5.2.1.6279.6001.106630482085576298661469304872_128_881
332,360,209,237,1.3.6.1.4.1.14519.5.2.1.6279.6001.106630482085576298661469304872_130_887
181,215,354,388,1.3.6.1.4.1.14519.5.2.1.6279.6001.106630482085576298661469304872_130_888
298,318,323,343,1.3.6.1.4.1.14519.5.2.1.6279.6001.106630482085576298661469304872_132_926
285,347,186,248,1.3.6.1.4.1.14519.5.2.1.6279.6001.106630482085576298661469304872_132_927
113,133,355,375,1.3.6.1.4.1.14519.5.2.1.6279.6001.106630482085576298661469304872_134_928
180,222,206,248,1.3.6.1.4.1.14519.5.2.1.6279.6001.106630482085576298661469304872_136_929
446,462,257,273,1.3.6.1.4.1.14519.5.2.1.6279.6001.106630482085576298661469304872_138_947
387,425,229,267,1.3.6.1.4.1.14519.5.2.1.6279.6001.106630482085576298661469304872_142_971
290,308,310,328,1.3.6.1.4.1.14519.5.2.1.6279.6001.106630482085576298661469304872_146_975
370,394,309,333,1.3.6.1.4.1.14519.5.2.1.6279.6001.106630482085576298661469304872_154_1014
372,394,384,406,1.3.6.1.4.1.14519.5.2.1.6279.6001.106630482085576298661469304872_158_1031
166,188,391,413,1.3.6.1.4.1.14519.5.2.1.6279.6001.106630482085576298661469304872_158_1032
265,283,283,301,1.3.6.1.4.1.14519.5.2.1.6279.6001.106630482085576298661469304872_160_1048
80,134,305,359,1.3.6.1.4.1.14519.5.2.1.6279.6001.106630482085576298661469304872_162_1055
150,170,317,337,1.3.6.1.4.1.14519.5.2.1.6279.6001.106630482085576298661469304872_164_1057
137,155,289,307,1.3.6.1.4.1.14519.5.2.1.6279.6001.106630482085576298661469304872_164_1058
188,254,256,322,1.3.6.1.4.1.14519.5.2.1.6279.6001.106630482085576298661469304872_166_1060
87,111,303,327,1.3.6.1.4.1.14519.5.2.1.6279.6001.106630482085576298661469304872_168_1077
320,340,357,377,1.3.6.1.4.1.14519.5.2.1.6279.6001.106630482085576298661469304872_170_1104
143,161,121,139,1.3.6.1.4.1.14519.5.2.1.6279.6001.106630482085576298661469304872_170_1105
152,188,269,305,1.3.6.1.4.1.14519.5.2.1.6279.6001.106630482085576298661469304872_172_1126
130,176,257,303,1.3.6.1.4.1.14519.5.2.1.6279.6001.106630482085576298661469304872_174_1163
176,224,190,238,1.3.6.1.4.1.14519.5.2.1.6279.6001.106630482085576298661469304872_174_1164
78,96,268,286,1.3.6.1.4.1.14519.5.2.1.6279.6001.106630482085576298661469304872_176_1166
190,210,387,407,1.3.6.1.4.1.14519.5.2.1.6279.6001.106630482085576298661469304872_176_1167
379,419,352,392,1.3.6.1.4.1.14519.5.2.1.6279.6001.106630482085576298661469304872_176_1168
340,362,406,428,1.3.6.1.4.1.14519.5.2.1.6279.6001.106630482085576298661469304872_176_1169
425,443,324,342,1.3.6.1.4.1.14519.5.2.1.6279.6001.106630482085576298661469304872_176_1170
